match_key,league,season,date,home,away,match_status,score_equal,eligible,hold_reasons,closing_home,closing_draw,closing_away,source_file,source_line
understat:22275,EPL,2023/24,2023-08-11,Burnley,Manchester City,MATCHED,True,True,,9.0,5.25,1.33,2324-E0.csv,2
understat:22276,EPL,2023/24,2023-08-12,Arsenal,Nottingham Forest,MATCHED,True,True,,1.18,7.0,15.0,2324-E0.csv,3
understat:22277,EPL,2023/24,2023-08-12,Bournemouth,West Ham,MATCHED,True,True,,2.63,3.5,2.6,2324-E0.csv,4
understat:22278,EPL,2023/24,2023-08-12,Brighton,Luton,MATCHED,True,True,,1.25,6.5,11.0,2324-E0.csv,5
understat:22279,EPL,2023/24,2023-08-12,Everton,Fulham,MATCHED,True,True,,2.3,3.2,3.2,2324-E0.csv,6
understat:22280,EPL,2023/24,2023-08-12,Sheffield United,Crystal Palace,MATCHED,True,True,,3.6,3.2,2.15,2324-E0.csv,7
understat:22281,EPL,2023/24,2023-08-12,Newcastle United,Aston Villa,MATCHED,True,True,,1.62,4.0,5.25,2324-E0.csv,8
understat:22282,EPL,2023/24,2023-08-13,Brentford,Tottenham,MATCHED,True,True,,2.5,3.6,2.63,2324-E0.csv,9
understat:22283,EPL,2023/24,2023-08-13,Chelsea,Liverpool,MATCHED,True,True,,3.1,3.6,2.15,2324-E0.csv,10
understat:22284,EPL,2023/24,2023-08-14,Manchester United,Wolverhampton Wanderers,MATCHED,True,True,,1.25,6.0,10.0,2324-E0.csv,11
understat:22285,EPL,2023/24,2023-08-18,Nottingham Forest,Sheffield United,MATCHED,True,True,,1.91,3.4,4.2,2324-E0.csv,12
understat:22286,EPL,2023/24,2023-08-19,Wolverhampton Wanderers,Brighton,MATCHED,True,True,,4.2,4.0,1.8,2324-E0.csv,15
understat:22287,EPL,2023/24,2023-08-19,Fulham,Brentford,MATCHED,True,True,,2.8,3.2,2.63,2324-E0.csv,13
understat:22288,EPL,2023/24,2023-08-19,Liverpool,Bournemouth,MATCHED,True,True,,1.2,7.5,12.0,2324-E0.csv,14
understat:22290,EPL,2023/24,2023-08-19,Tottenham,Manchester United,MATCHED,True,True,,3.0,3.75,2.2,2324-E0.csv,16
understat:22291,EPL,2023/24,2023-08-19,Manchester City,Newcastle United,MATCHED,True,True,,1.83,3.75,4.33,2324-E0.csv,17
understat:22292,EPL,2023/24,2023-08-20,Aston Villa,Everton,MATCHED,True,True,,1.8,3.8,4.2,2324-E0.csv,18
understat:22293,EPL,2023/24,2023-08-20,West Ham,Chelsea,MATCHED,True,True,,3.1,3.6,2.15,2324-E0.csv,19
understat:22294,EPL,2023/24,2023-08-21,Crystal Palace,Arsenal,MATCHED,True,True,,4.2,3.4,1.91,2324-E0.csv,20
understat:22295,EPL,2023/24,2023-08-25,Chelsea,Luton,MATCHED,True,True,,1.25,6.0,11.0,2324-E0.csv,21
understat:22296,EPL,2023/24,2023-08-26,Bournemouth,Tottenham,MATCHED,True,True,,3.5,3.8,2.0,2324-E0.csv,22
understat:22297,EPL,2023/24,2023-08-26,Arsenal,Fulham,MATCHED,True,True,,1.3,5.75,10.0,2324-E0.csv,23
understat:22298,EPL,2023/24,2023-08-26,Brentford,Crystal Palace,MATCHED,True,True,,2.15,3.4,3.5,2324-E0.csv,24
understat:22299,EPL,2023/24,2023-08-26,Everton,Wolverhampton Wanderers,MATCHED,True,True,,2.4,3.3,2.9,2324-E0.csv,25
understat:22300,EPL,2023/24,2023-08-26,Manchester United,Nottingham Forest,MATCHED,True,True,,1.36,5.0,8.0,2324-E0.csv,26
understat:22301,EPL,2023/24,2023-08-26,Brighton,West Ham,MATCHED,True,True,,1.5,4.75,5.5,2324-E0.csv,27
understat:22302,EPL,2023/24,2023-08-27,Burnley,Aston Villa,MATCHED,True,True,,3.2,3.4,2.25,2324-E0.csv,28
understat:22303,EPL,2023/24,2023-08-27,Sheffield United,Manchester City,MATCHED,True,True,,12.0,7.0,1.2,2324-E0.csv,29
understat:22304,EPL,2023/24,2023-08-27,Newcastle United,Liverpool,MATCHED,True,True,,2.2,3.75,3.1,2324-E0.csv,30
understat:21925,EPL,2023/24,2023-09-01,Luton,West Ham,MATCHED,True,True,,4.5,4.0,1.73,2324-E0.csv,31
understat:21926,EPL,2023/24,2023-09-02,Sheffield United,Everton,MATCHED,True,True,,3.1,3.4,2.38,2324-E0.csv,32
understat:21927,EPL,2023/24,2023-09-02,Manchester City,Fulham,MATCHED,True,True,,1.18,8.0,13.0,2324-E0.csv,36
understat:21928,EPL,2023/24,2023-09-02,Brentford,Bournemouth,MATCHED,True,True,,1.73,4.0,4.5,2324-E0.csv,33
understat:21929,EPL,2023/24,2023-09-02,Burnley,Tottenham,MATCHED,True,True,,3.5,3.8,1.95,2324-E0.csv,34
understat:21930,EPL,2023/24,2023-09-02,Chelsea,Nottingham Forest,MATCHED,True,True,,1.4,4.75,7.5,2324-E0.csv,35
understat:21931,EPL,2023/24,2023-09-02,Brighton,Newcastle United,MATCHED,True,True,,2.5,3.8,2.5,2324-E0.csv,37
understat:21932,EPL,2023/24,2023-09-03,Crystal Palace,Wolverhampton Wanderers,MATCHED,True,True,,1.85,3.4,4.5,2324-E0.csv,38
understat:21933,EPL,2023/24,2023-09-03,Liverpool,Aston Villa,MATCHED,True,True,,1.6,4.75,4.75,2324-E0.csv,39
understat:21934,EPL,2023/24,2023-09-03,Arsenal,Manchester United,MATCHED,True,True,,1.75,4.1,4.2,2324-E0.csv,40
understat:21935,EPL,2023/24,2023-09-16,Wolverhampton Wanderers,Liverpool,MATCHED,True,True,,4.33,4.33,1.7,2324-E0.csv,41
understat:21936,EPL,2023/24,2023-09-16,Tottenham,Sheffield United,MATCHED,True,True,,1.29,5.75,10.0,2324-E0.csv,45
understat:21937,EPL,2023/24,2023-09-16,West Ham,Manchester City,MATCHED,True,True,,5.25,4.2,1.6,2324-E0.csv,46
understat:21938,EPL,2023/24,2023-09-16,Aston Villa,Crystal Palace,MATCHED,True,True,,1.95,3.6,4.0,2324-E0.csv,42
understat:21939,EPL,2023/24,2023-09-16,Fulham,Luton,MATCHED,True,True,,1.65,3.6,6.0,2324-E0.csv,43
understat:21940,EPL,2023/24,2023-09-16,Manchester United,Brighton,MATCHED,True,True,,2.0,4.0,3.25,2324-E0.csv,44
understat:21943,EPL,2023/24,2023-09-16,Newcastle United,Brentford,MATCHED,True,True,,1.6,4.0,5.5,2324-E0.csv,47
understat:21942,EPL,2023/24,2023-09-17,Bournemouth,Chelsea,MATCHED,True,True,,4.2,3.75,1.83,2324-E0.csv,48
understat:21941,EPL,2023/24,2023-09-17,Everton,Arsenal,MATCHED,True,True,,5.5,4.33,1.55,2324-E0.csv,49
understat:21944,EPL,2023/24,2023-09-18,Nottingham Forest,Burnley,MATCHED,True,True,,2.05,3.5,3.5,2324-E0.csv,50
understat:21945,EPL,2023/24,2023-09-23,Luton,Wolverhampton Wanderers,MATCHED,True,True,,3.1,3.3,2.38,2324-E0.csv,52
understat:21946,EPL,2023/24,2023-09-23,Manchester City,Nottingham Forest,MATCHED,True,True,,1.17,8.0,15.0,2324-E0.csv,53
understat:21948,EPL,2023/24,2023-09-23,Crystal Palace,Fulham,MATCHED,True,True,,2.05,3.25,3.8,2324-E0.csv,51
understat:21949,EPL,2023/24,2023-09-23,Brentford,Everton,MATCHED,True,True,,1.91,3.5,4.33,2324-E0.csv,54
understat:21950,EPL,2023/24,2023-09-23,Burnley,Manchester United,MATCHED,True,True,,4.0,3.8,1.83,2324-E0.csv,55
understat:21947,EPL,2023/24,2023-09-24,Chelsea,Aston Villa,MATCHED,True,True,,1.85,3.75,4.0,2324-E0.csv,58
understat:21951,EPL,2023/24,2023-09-24,Brighton,Bournemouth,MATCHED,True,True,,1.5,4.75,5.5,2324-E0.csv,57
understat:21952,EPL,2023/24,2023-09-24,Arsenal,Tottenham,MATCHED,True,True,,1.62,4.33,4.75,2324-E0.csv,56
understat:21953,EPL,2023/24,2023-09-24,Liverpool,West Ham,MATCHED,True,True,,1.36,5.25,7.5,2324-E0.csv,59
understat:21954,EPL,2023/24,2023-09-24,Sheffield United,Newcastle United,MATCHED,True,True,,6.0,4.2,1.53,2324-E0.csv,60
understat:21955,EPL,2023/24,2023-09-30,Aston Villa,Brighton,MATCHED,True,True,,2.45,3.6,2.7,2324-E0.csv,61
understat:21956,EPL,2023/24,2023-09-30,Everton,Luton,MATCHED,True,True,,1.67,3.75,5.25,2324-E0.csv,63
understat:21957,EPL,2023/24,2023-09-30,Manchester United,Crystal Palace,MATCHED,True,True,,1.55,4.2,6.0,2324-E0.csv,64
understat:21958,EPL,2023/24,2023-09-30,Newcastle United,Burnley,MATCHED,True,True,,1.36,5.0,7.5,2324-E0.csv,65
understat:21959,EPL,2023/24,2023-09-30,Bournemouth,Arsenal,MATCHED,True,True,,5.5,4.5,1.53,2324-E0.csv,62
understat:21960,EPL,2023/24,2023-09-30,West Ham,Sheffield United,MATCHED,True,True,,1.44,4.5,7.0,2324-E0.csv,66
understat:21961,EPL,2023/24,2023-09-30,Wolverhampton Wanderers,Manchester City,MATCHED,True,True,,7.5,5.0,1.4,2324-E0.csv,67
understat:21962,EPL,2023/24,2023-09-30,Tottenham,Liverpool,MATCHED,True,True,,3.0,3.8,2.2,2324-E0.csv,68
understat:21963,EPL,2023/24,2023-10-01,Nottingham Forest,Brentford,MATCHED,True,True,,2.63,3.0,2.88,2324-E0.csv,69
understat:21964,EPL,2023/24,2023-10-02,Fulham,Chelsea,MATCHED,True,True,,3.4,3.4,2.15,2324-E0.csv,70
understat:22289,EPL,2023/24,2023-10-03,Luton,Burnley,MATCHED,True,True,,2.88,3.1,2.6,2324-E0.csv,71
understat:21971,EPL,2023/24,2023-10-07,Luton,Tottenham,MATCHED,True,True,,7.0,5.0,1.4,2324-E0.csv,72
understat:21967,EPL,2023/24,2023-10-07,Burnley,Chelsea,MATCHED,True,True,,5.25,4.0,1.67,2324-E0.csv,73
understat:21969,EPL,2023/24,2023-10-07,Everton,Bournemouth,MATCHED,True,True,,1.85,3.75,4.0,2324-E0.csv,74
understat:21970,EPL,2023/24,2023-10-07,Fulham,Sheffield United,MATCHED,True,True,,1.45,4.2,7.5,2324-E0.csv,75
understat:21972,EPL,2023/24,2023-10-07,Manchester United,Brentford,MATCHED,True,True,,1.6,4.33,5.0,2324-E0.csv,76
understat:21968,EPL,2023/24,2023-10-07,Crystal Palace,Nottingham Forest,MATCHED,True,True,,2.25,3.1,3.4,2324-E0.csv,77
understat:21966,EPL,2023/24,2023-10-08,Brighton,Liverpool,MATCHED,True,True,,3.2,4.2,2.05,2324-E0.csv,78
understat:21973,EPL,2023/24,2023-10-08,West Ham,Newcastle United,MATCHED,True,True,,3.4,3.75,2.0,2324-E0.csv,79
understat:21974,EPL,2023/24,2023-10-08,Wolverhampton Wanderers,Aston Villa,MATCHED,True,True,,3.75,3.4,2.0,2324-E0.csv,80
understat:21965,EPL,2023/24,2023-10-08,Arsenal,Manchester City,MATCHED,True,True,,2.9,3.3,2.45,2324-E0.csv,81
understat:21979,EPL,2023/24,2023-10-21,Liverpool,Everton,MATCHED,True,True,,1.4,5.25,7.0,2324-E0.csv,82
understat:21975,EPL,2023/24,2023-10-21,Bournemouth,Wolverhampton Wanderers,MATCHED,True,True,,2.25,3.4,3.1,2324-E0.csv,83
understat:21977,EPL,2023/24,2023-10-21,Brentford,Burnley,MATCHED,True,True,,1.7,3.8,4.75,2324-E0.csv,84
understat:21980,EPL,2023/24,2023-10-21,Manchester City,Brighton,MATCHED,True,True,,1.36,6.0,6.5,2324-E0.csv,85
understat:21981,EPL,2023/24,2023-10-21,Newcastle United,Crystal Palace,MATCHED,True,True,,1.45,4.5,7.0,2324-E0.csv,86
understat:21982,EPL,2023/24,2023-10-21,Nottingham Forest,Luton,MATCHED,True,True,,1.73,3.75,5.25,2324-E0.csv,87
understat:21978,EPL,2023/24,2023-10-21,Chelsea,Arsenal,MATCHED,True,True,,3.3,3.25,2.25,2324-E0.csv,88
understat:21983,EPL,2023/24,2023-10-21,Sheffield United,Manchester United,MATCHED,True,True,,7.5,5.75,1.36,2324-E0.csv,89
understat:21976,EPL,2023/24,2023-10-22,Aston Villa,West Ham,MATCHED,True,True,,1.73,3.8,4.5,2324-E0.csv,90
understat:21984,EPL,2023/24,2023-10-23,Tottenham,Fulham,MATCHED,True,True,,1.5,4.6,6.0,2324-E0.csv,91
understat:21990,EPL,2023/24,2023-10-27,Crystal Palace,Tottenham,MATCHED,True,True,,4.5,3.8,1.75,2324-E0.csv,92
understat:21989,EPL,2023/24,2023-10-28,Chelsea,Brentford,MATCHED,True,True,,1.62,4.0,5.25,2324-E0.csv,93
understat:21985,EPL,2023/24,2023-10-28,Bournemouth,Burnley,MATCHED,True,True,,2.15,3.5,3.25,2324-E0.csv,95
understat:21986,EPL,2023/24,2023-10-28,Arsenal,Sheffield United,MATCHED,True,True,,1.13,8.5,19.0,2324-E0.csv,94
understat:21994,EPL,2023/24,2023-10-28,Wolverhampton Wanderers,Newcastle United,MATCHED,True,True,,3.8,3.8,1.91,2324-E0.csv,96
understat:21993,EPL,2023/24,2023-10-29,West Ham,Everton,MATCHED,True,True,,2.1,3.6,3.4,2324-E0.csv,97
understat:21987,EPL,2023/24,2023-10-29,Aston Villa,Luton,MATCHED,True,True,,1.36,5.5,7.5,2324-E0.csv,98
understat:21988,EPL,2023/24,2023-10-29,Brighton,Fulham,MATCHED,True,True,,1.62,4.0,5.5,2324-E0.csv,99
understat:21991,EPL,2023/24,2023-10-29,Liverpool,Nottingham Forest,MATCHED,True,True,,1.22,7.0,11.0,2324-E0.csv,100
understat:21992,EPL,2023/24,2023-10-29,Manchester United,Manchester City,MATCHED,True,True,,5.5,4.2,1.57,2324-E0.csv,101
understat:21998,EPL,2023/24,2023-11-04,Fulham,Manchester United,MATCHED,True,True,,2.9,3.6,2.3,2324-E0.csv,102
understat:21995,EPL,2023/24,2023-11-04,Brentford,West Ham,MATCHED,True,True,,2.15,3.5,3.3,2324-E0.csv,103
understat:21996,EPL,2023/24,2023-11-04,Burnley,Crystal Palace,MATCHED,True,True,,3.25,3.2,2.3,2324-E0.csv,104
understat:21997,EPL,2023/24,2023-11-04,Everton,Brighton,MATCHED,True,True,,2.8,3.4,2.45,2324-E0.csv,105
understat:22000,EPL,2023/24,2023-11-04,Manchester City,Bournemouth,MATCHED,True,True,,1.09,11.0,21.0,2324-E0.csv,106
understat:22003,EPL,2023/24,2023-11-04,Sheffield United,Wolverhampton Wanderers,MATCHED,True,True,,4.2,3.6,1.85,2324-E0.csv,107
understat:22001,EPL,2023/24,2023-11-04,Newcastle United,Arsenal,MATCHED,True,True,,2.8,3.0,2.7,2324-E0.csv,108
understat:22002,EPL,2023/24,2023-11-05,Nottingham Forest,Aston Villa,MATCHED,True,True,,3.75,3.75,1.91,2324-E0.csv,109
understat:21999,EPL,2023/24,2023-11-05,Luton,Liverpool,MATCHED,True,True,,11.0,7.5,1.2,2324-E0.csv,110
understat:22004,EPL,2023/24,2023-11-06,Tottenham,Chelsea,MATCHED,True,True,,2.3,3.6,2.9,2324-E0.csv,111
understat:22014,EPL,2023/24,2023-11-11,Wolverhampton Wanderers,Tottenham,MATCHED,True,True,,3.1,3.5,2.3,2324-E0.csv,112
understat:22006,EPL,2023/24,2023-11-11,Arsenal,Burnley,MATCHED,True,True,,1.2,6.5,15.0,2324-E0.csv,113
understat:22010,EPL,2023/24,2023-11-11,Crystal Palace,Everton,MATCHED,True,True,,2.6,3.0,2.9,2324-E0.csv,114
understat:22012,EPL,2023/24,2023-11-11,Manchester United,Luton,MATCHED,True,True,,1.29,6.0,9.5,2324-E0.csv,115
understat:22005,EPL,2023/24,2023-11-11,Bournemouth,Newcastle United,MATCHED,True,True,,4.0,3.6,1.91,2324-E0.csv,116
understat:22007,EPL,2023/24,2023-11-12,Aston Villa,Fulham,MATCHED,True,True,,1.62,4.0,5.25,2324-E0.csv,117
understat:22008,EPL,2023/24,2023-11-12,Brighton,Sheffield United,MATCHED,True,True,,1.25,6.0,10.0,2324-E0.csv,118
understat:22011,EPL,2023/24,2023-11-12,Liverpool,Brentford,MATCHED,True,True,,1.36,5.5,7.5,2324-E0.csv,119
understat:22013,EPL,2023/24,2023-11-12,West Ham,Nottingham Forest,MATCHED,True,True,,1.8,3.75,4.5,2324-E0.csv,120
understat:22009,EPL,2023/24,2023-11-12,Chelsea,Manchester City,MATCHED,True,True,,4.75,3.75,1.73,2324-E0.csv,121
understat:22020,EPL,2023/24,2023-11-25,Manchester City,Liverpool,MATCHED,True,True,,1.7,4.2,4.33,2324-E0.csv,122
understat:22016,EPL,2023/24,2023-11-25,Burnley,West Ham,MATCHED,True,True,,3.4,3.4,2.15,2324-E0.csv,123
understat:22019,EPL,2023/24,2023-11-25,Luton,Crystal Palace,MATCHED,True,True,,4.0,3.25,2.0,2324-E0.csv,124
understat:22021,EPL,2023/24,2023-11-25,Newcastle United,Chelsea,MATCHED,True,True,,2.63,3.6,2.5,2324-E0.csv,125
understat:22022,EPL,2023/24,2023-11-25,Nottingham Forest,Brighton,MATCHED,True,True,,3.6,3.6,2.0,2324-E0.csv,126
understat:22023,EPL,2023/24,2023-11-25,Sheffield United,Bournemouth,MATCHED,True,True,,3.4,3.5,2.15,2324-E0.csv,127
understat:22015,EPL,2023/24,2023-11-25,Brentford,Arsenal,MATCHED,True,True,,5.5,3.8,1.6,2324-E0.csv,128
understat:22024,EPL,2023/24,2023-11-26,Tottenham,Aston Villa,MATCHED,True,True,,2.55,3.75,2.5,2324-E0.csv,129
understat:22017,EPL,2023/24,2023-11-26,Everton,Manchester United,MATCHED,True,True,,2.63,3.3,2.7,2324-E0.csv,130
understat:22018,EPL,2023/24,2023-11-27,Fulham,Wolverhampton Wanderers,MATCHED,True,True,,2.38,3.3,3.0,2324-E0.csv,131
understat:22026,EPL,2023/24,2023-12-02,Arsenal,Wolverhampton Wanderers,MATCHED,True,True,,1.22,6.5,12.0,2324-E0.csv,132
understat:22027,EPL,2023/24,2023-12-02,Brentford,Luton,MATCHED,True,True,,1.53,4.2,6.0,2324-E0.csv,133
understat:22028,EPL,2023/24,2023-12-02,Burnley,Sheffield United,MATCHED,True,True,,1.7,3.6,5.25,2324-E0.csv,134
understat:22033,EPL,2023/24,2023-12-02,Nottingham Forest,Everton,MATCHED,True,True,,2.8,3.1,2.7,2324-E0.csv,135
understat:22032,EPL,2023/24,2023-12-02,Newcastle United,Manchester United,MATCHED,True,True,,1.95,3.75,3.6,2324-E0.csv,136
understat:22025,EPL,2023/24,2023-12-03,Bournemouth,Aston Villa,MATCHED,True,True,,3.0,4.0,2.1,2324-E0.csv,137
understat:22029,EPL,2023/24,2023-12-03,Chelsea,Brighton,MATCHED,True,True,,1.57,4.33,5.25,2324-E0.csv,138
understat:22030,EPL,2023/24,2023-12-03,Liverpool,Fulham,MATCHED,True,True,,1.25,7.0,10.0,2324-E0.csv,139
understat:22034,EPL,2023/24,2023-12-03,West Ham,Crystal Palace,MATCHED,True,True,,1.91,3.6,4.0,2324-E0.csv,140
understat:22031,EPL,2023/24,2023-12-03,Manchester City,Tottenham,MATCHED,True,True,,1.25,6.5,10.0,2324-E0.csv,141
understat:22042,EPL,2023/24,2023-12-05,Wolverhampton Wanderers,Burnley,MATCHED,True,True,,1.91,3.6,4.0,2324-E0.csv,142
understat:22039,EPL,2023/24,2023-12-05,Luton,Arsenal,MATCHED,True,True,,17.0,8.0,1.17,2324-E0.csv,143
understat:22036,EPL,2023/24,2023-12-06,Brighton,Brentford,MATCHED,True,True,,1.7,4.2,4.5,2324-E0.csv,144
understat:22038,EPL,2023/24,2023-12-06,Fulham,Nottingham Forest,MATCHED,True,True,,2.0,3.4,3.75,2324-E0.csv,146
understat:22040,EPL,2023/24,2023-12-06,Sheffield United,Liverpool,MATCHED,True,True,,15.0,7.5,1.18,2324-E0.csv,147
understat:22043,EPL,2023/24,2023-12-06,Crystal Palace,Bournemouth,MATCHED,True,True,,2.3,3.5,3.0,2324-E0.csv,145
understat:22035,EPL,2023/24,2023-12-06,Aston Villa,Manchester City,MATCHED,True,True,,5.0,4.2,1.62,2324-E0.csv,148
understat:22044,EPL,2023/24,2023-12-06,Manchester United,Chelsea,MATCHED,True,True,,2.75,3.5,2.45,2324-E0.csv,149
understat:22037,EPL,2023/24,2023-12-07,Everton,Newcastle United,MATCHED,True,True,,3.1,3.4,2.25,2324-E0.csv,150
understat:22041,EPL,2023/24,2023-12-07,Tottenham,West Ham,MATCHED,True,True,,1.7,4.2,4.75,2324-E0.csv,151
understat:22047,EPL,2023/24,2023-12-09,Crystal Palace,Liverpool,MATCHED,True,True,,6.5,4.75,1.44,2324-E0.csv,152
understat:22046,EPL,2023/24,2023-12-09,Brighton,Burnley,MATCHED,True,True,,1.55,4.2,5.75,2324-E0.csv,153
understat:22051,EPL,2023/24,2023-12-09,Manchester United,Bournemouth,MATCHED,True,True,,1.65,4.33,4.5,2324-E0.csv,154
understat:22052,EPL,2023/24,2023-12-09,Sheffield United,Brentford,MATCHED,True,True,,4.5,3.8,1.73,2324-E0.csv,155
understat:22054,EPL,2023/24,2023-12-09,Wolverhampton Wanderers,Nottingham Forest,MATCHED,True,True,,1.91,3.25,4.33,2324-E0.csv,156
understat:22045,EPL,2023/24,2023-12-09,Aston Villa,Arsenal,MATCHED,True,True,,3.6,3.75,2.0,2324-E0.csv,157
understat:22048,EPL,2023/24,2023-12-10,Everton,Chelsea,MATCHED,True,True,,2.4,3.5,2.8,2324-E0.csv,158
understat:22049,EPL,2023/24,2023-12-10,Fulham,West Ham,MATCHED,True,True,,2.2,3.5,3.25,2324-E0.csv,159
understat:22050,EPL,2023/24,2023-12-10,Luton,Manchester City,MATCHED,True,True,,13.0,7.5,1.18,2324-E0.csv,160
understat:22053,EPL,2023/24,2023-12-10,Tottenham,Newcastle United,MATCHED,True,True,,2.0,3.75,3.4,2324-E0.csv,161
understat:22063,EPL,2023/24,2023-12-15,Nottingham Forest,Tottenham,MATCHED,True,True,,4.75,4.2,1.67,2324-E0.csv,162
understat:22059,EPL,2023/24,2023-12-16,Chelsea,Sheffield United,MATCHED,True,True,,1.18,7.5,13.0,2324-E0.csv,163
understat:22061,EPL,2023/24,2023-12-16,Manchester City,Crystal Palace,MATCHED,True,True,,1.17,7.5,15.0,2324-E0.csv,164
understat:22062,EPL,2023/24,2023-12-16,Newcastle United,Fulham,MATCHED,True,True,,1.91,3.8,4.0,2324-E0.csv,165
understat:22058,EPL,2023/24,2023-12-16,Burnley,Everton,MATCHED,True,True,,3.2,3.5,2.25,2324-E0.csv,166
understat:22056,EPL,2023/24,2023-12-17,Arsenal,Brighton,MATCHED,True,True,,1.45,5.0,6.0,2324-E0.csv,167
understat:22057,EPL,2023/24,2023-12-17,Brentford,Aston Villa,MATCHED,True,True,,3.0,3.4,2.25,2324-E0.csv,168
understat:22064,EPL,2023/24,2023-12-17,West Ham,Wolverhampton Wanderers,MATCHED,True,True,,1.91,3.6,4.0,2324-E0.csv,169
understat:22060,EPL,2023/24,2023-12-17,Liverpool,Manchester United,MATCHED,True,True,,1.33,5.75,7.0,2324-E0.csv,170
understat:22066,EPL,2023/24,2023-12-21,Crystal Palace,Brighton,MATCHED,True,True,,3.4,3.25,2.25,2324-E0.csv,171
understat:22065,EPL,2023/24,2023-12-22,Aston Villa,Sheffield United,MATCHED,True,True,,1.2,7.0,13.0,2324-E0.csv,172
understat:22072,EPL,2023/24,2023-12-23,West Ham,Manchester United,MATCHED,True,True,,2.1,3.8,3.25,2324-E0.csv,173
understat:22067,EPL,2023/24,2023-12-23,Fulham,Burnley,MATCHED,True,True,,1.67,3.75,5.25,2324-E0.csv,174
understat:22069,EPL,2023/24,2023-12-23,Luton,Newcastle United,MATCHED,True,True,,5.25,4.2,1.62,2324-E0.csv,175
understat:22070,EPL,2023/24,2023-12-23,Nottingham Forest,Bournemouth,MATCHED,True,True,,2.9,3.4,2.45,2324-E0.csv,176
understat:22071,EPL,2023/24,2023-12-23,Tottenham,Everton,MATCHED,True,True,,1.7,4.2,4.33,2324-E0.csv,177
understat:22068,EPL,2023/24,2023-12-23,Liverpool,Arsenal,MATCHED,True,True,,2.45,3.75,2.63,2324-E0.csv,178
understat:22073,EPL,2023/24,2023-12-24,Wolverhampton Wanderers,Chelsea,MATCHED,True,True,,3.1,3.6,2.15,2324-E0.csv,179
understat:22083,EPL,2023/24,2023-12-26,Newcastle United,Nottingham Forest,MATCHED,True,True,,1.4,5.0,6.5,2324-E0.csv,180
understat:22075,EPL,2023/24,2023-12-26,Bournemouth,Fulham,MATCHED,True,True,,1.91,3.8,3.75,2324-E0.csv,181
understat:22084,EPL,2023/24,2023-12-26,Sheffield United,Luton,MATCHED,True,True,,2.38,3.25,3.1,2324-E0.csv,182
understat:22079,EPL,2023/24,2023-12-26,Burnley,Liverpool,MATCHED,True,True,,8.0,5.25,1.36,2324-E0.csv,183
understat:22082,EPL,2023/24,2023-12-26,Manchester United,Aston Villa,MATCHED,True,True,,2.25,3.75,2.9,2324-E0.csv,184
understat:22077,EPL,2023/24,2023-12-27,Brentford,Wolverhampton Wanderers,MATCHED,True,True,,2.2,3.4,3.3,2324-E0.csv,185
understat:22080,EPL,2023/24,2023-12-27,Chelsea,Crystal Palace,MATCHED,True,True,,1.75,3.75,4.75,2324-E0.csv,186
understat:22081,EPL,2023/24,2023-12-27,Everton,Manchester City,MATCHED,True,True,,5.0,4.0,1.65,2324-E0.csv,187
understat:22078,EPL,2023/24,2023-12-28,Brighton,Tottenham,MATCHED,True,True,,2.5,3.75,2.63,2324-E0.csv,188
understat:22076,EPL,2023/24,2023-12-28,Arsenal,West Ham,MATCHED,True,True,,1.29,6.0,9.5,2324-E0.csv,189
understat:22089,EPL,2023/24,2023-12-30,Luton,Chelsea,MATCHED,True,True,,5.25,4.33,1.57,2324-E0.csv,190
understat:22085,EPL,2023/24,2023-12-30,Aston Villa,Burnley,MATCHED,True,True,,1.36,5.25,7.0,2324-E0.csv,191
understat:22086,EPL,2023/24,2023-12-30,Crystal Palace,Brentford,MATCHED,True,True,,2.05,3.3,3.75,2324-E0.csv,192
understat:22090,EPL,2023/24,2023-12-30,Manchester City,Sheffield United,MATCHED,True,True,,1.08,13.0,19.0,2324-E0.csv,193
understat:22094,EPL,2023/24,2023-12-30,Wolverhampton Wanderers,Everton,MATCHED,True,True,,2.9,3.25,2.5,2324-E0.csv,194
understat:22091,EPL,2023/24,2023-12-30,Nottingham Forest,Manchester United,MATCHED,True,True,,3.2,3.6,2.15,2324-E0.csv,195
understat:22087,EPL,2023/24,2023-12-31,Fulham,Arsenal,MATCHED,True,True,,6.0,4.0,1.57,2324-E0.csv,196
understat:22092,EPL,2023/24,2023-12-31,Tottenham,Bournemouth,MATCHED,True,True,,1.75,4.5,3.8,2324-E0.csv,197
understat:22088,EPL,2023/24,2024-01-01,Liverpool,Newcastle United,MATCHED,True,True,,1.36,5.25,7.5,2324-E0.csv,198
understat:22093,EPL,2023/24,2024-01-02,West Ham,Brighton,MATCHED,True,True,,3.1,3.5,2.2,2324-E0.csv,199
understat:22096,EPL,2023/24,2024-01-12,Burnley,Luton,MATCHED,True,True,,2.15,3.4,3.4,2324-E0.csv,200
understat:22097,EPL,2023/24,2024-01-13,Chelsea,Fulham,MATCHED,True,True,,1.62,4.2,5.25,2324-E0.csv,201
understat:22100,EPL,2023/24,2024-01-13,Newcastle United,Manchester City,MATCHED,True,True,,4.5,4.0,1.7,2324-E0.csv,202
understat:22098,EPL,2023/24,2024-01-14,Everton,Aston Villa,MATCHED,True,True,,2.55,3.5,2.7,2324-E0.csv,203
understat:22099,EPL,2023/24,2024-01-14,Manchester United,Tottenham,MATCHED,True,True,,2.05,4.0,3.25,2324-E0.csv,204
understat:22103,EPL,2023/24,2024-01-20,Arsenal,Crystal Palace,MATCHED,True,True,,1.25,6.0,12.0,2324-E0.csv,205
understat:22104,EPL,2023/24,2024-01-20,Brentford,Nottingham Forest,MATCHED,True,True,,1.75,3.75,4.75,2324-E0.csv,206
understat:22101,EPL,2023/24,2024-01-21,Sheffield United,West Ham,MATCHED,True,True,,2.75,3.3,2.6,2324-E0.csv,207
understat:22102,EPL,2023/24,2024-01-21,Bournemouth,Liverpool,MATCHED,True,True,,4.33,4.5,1.67,2324-E0.csv,208
understat:22095,EPL,2023/24,2024-01-22,Brighton,Wolverhampton Wanderers,MATCHED,True,True,,1.62,4.0,5.0,2324-E0.csv,209
understat:22108,EPL,2023/24,2024-01-30,Nottingham Forest,Arsenal,MATCHED,True,True,,8.5,5.0,1.4,2324-E0.csv,210
understat:22106,EPL,2023/24,2024-01-30,Fulham,Everton,MATCHED,True,True,,2.25,3.2,3.5,2324-E0.csv,211
understat:22107,EPL,2023/24,2024-01-30,Luton,Brighton,MATCHED,True,True,,4.0,4.0,1.8,2324-E0.csv,212
understat:22112,EPL,2023/24,2024-01-30,Crystal Palace,Sheffield United,MATCHED,True,True,,1.62,3.75,6.0,2324-E0.csv,213
understat:22105,EPL,2023/24,2024-01-30,Aston Villa,Newcastle United,MATCHED,True,True,,1.85,4.0,3.8,2324-E0.csv,214
understat:22109,EPL,2023/24,2024-01-31,Tottenham,Brentford,MATCHED,True,True,,1.6,4.33,5.0,2324-E0.csv,216
understat:22114,EPL,2023/24,2024-01-31,Manchester City,Burnley,MATCHED,True,True,,1.1,11.0,19.0,2324-E0.csv,215
understat:22113,EPL,2023/24,2024-01-31,Liverpool,Chelsea,MATCHED,True,True,,1.62,4.2,4.75,2324-E0.csv,217
understat:22110,EPL,2023/24,2024-02-01,West Ham,Bournemouth,MATCHED,True,True,,2.38,3.6,2.8,2324-E0.csv,218
understat:22111,EPL,2023/24,2024-02-01,Wolverhampton Wanderers,Manchester United,MATCHED,True,True,,2.8,3.5,2.4,2324-E0.csv,219
understat:22121,EPL,2023/24,2024-02-03,Everton,Tottenham,MATCHED,True,True,,3.0,3.75,2.2,2324-E0.csv,220
understat:22118,EPL,2023/24,2024-02-03,Brighton,Crystal Palace,MATCHED,True,True,,1.7,3.8,5.0,2324-E0.csv,221
understat:22119,EPL,2023/24,2024-02-03,Burnley,Fulham,MATCHED,True,True,,2.9,3.3,2.4,2324-E0.csv,222
understat:22123,EPL,2023/24,2024-02-03,Newcastle United,Luton,MATCHED,True,True,,1.53,4.5,5.5,2324-E0.csv,223
understat:22124,EPL,2023/24,2024-02-03,Sheffield United,Aston Villa,MATCHED,True,True,,5.0,4.2,1.62,2324-E0.csv,224
understat:22115,EPL,2023/24,2024-02-04,Bournemouth,Nottingham Forest,MATCHED,True,True,,1.65,4.5,4.75,2324-E0.csv,225
understat:22120,EPL,2023/24,2024-02-04,Chelsea,Wolverhampton Wanderers,MATCHED,True,True,,1.55,4.2,5.75,2324-E0.csv,226
understat:22122,EPL,2023/24,2024-02-04,Manchester United,West Ham,MATCHED,True,True,,1.55,4.33,5.5,2324-E0.csv,227
understat:22116,EPL,2023/24,2024-02-04,Arsenal,Liverpool,MATCHED,True,True,,2.1,3.6,3.25,2324-E0.csv,228
understat:22117,EPL,2023/24,2024-02-05,Brentford,Manchester City,MATCHED,True,True,,7.5,5.25,1.4,2324-E0.csv,229
understat:22130,EPL,2023/24,2024-02-10,Manchester City,Everton,MATCHED,True,True,,1.2,7.0,13.0,2324-E0.csv,230
understat:22127,EPL,2023/24,2024-02-10,Fulham,Bournemouth,MATCHED,True,True,,2.55,3.5,2.63,2324-E0.csv,231
understat:22128,EPL,2023/24,2024-02-10,Liverpool,Burnley,MATCHED,True,True,,1.18,8.0,17.0,2324-E0.csv,232
understat:22129,EPL,2023/24,2024-02-10,Luton,Sheffield United,MATCHED,True,True,,1.7,3.9,4.75,2324-E0.csv,233
understat:22132,EPL,2023/24,2024-02-10,Tottenham,Brighton,MATCHED,True,True,,1.73,4.33,4.0,2324-E0.csv,234
understat:22134,EPL,2023/24,2024-02-10,Wolverhampton Wanderers,Brentford,MATCHED,True,True,,2.2,3.5,3.2,2324-E0.csv,235
understat:22131,EPL,2023/24,2024-02-10,Nottingham Forest,Newcastle United,MATCHED,True,True,,3.2,3.75,2.1,2324-E0.csv,236
understat:22133,EPL,2023/24,2024-02-11,West Ham,Arsenal,MATCHED,True,True,,6.0,4.2,1.53,2324-E0.csv,237
understat:22125,EPL,2023/24,2024-02-11,Aston Villa,Manchester United,MATCHED,True,True,,2.15,3.8,3.1,2324-E0.csv,238
understat:22126,EPL,2023/24,2024-02-12,Crystal Palace,Chelsea,MATCHED,True,True,,4.75,4.0,1.7,2324-E0.csv,239
understat:22135,EPL,2023/24,2024-02-17,Brentford,Liverpool,MATCHED,True,True,,4.75,4.2,1.67,2324-E0.csv,240
understat:22136,EPL,2023/24,2024-02-17,Burnley,Arsenal,MATCHED,True,True,,10.0,5.75,1.29,2324-E0.csv,241
understat:22138,EPL,2023/24,2024-02-17,Fulham,Aston Villa,MATCHED,True,True,,2.9,3.75,2.25,2324-E0.csv,242
understat:22141,EPL,2023/24,2024-02-17,Newcastle United,Bournemouth,MATCHED,True,True,,1.95,4.0,3.4,2324-E0.csv,243
understat:22142,EPL,2023/24,2024-02-17,Nottingham Forest,West Ham,MATCHED,True,True,,2.25,3.6,3.2,2324-E0.csv,244
understat:22144,EPL,2023/24,2024-02-17,Tottenham,Wolverhampton Wanderers,MATCHED,True,True,,1.5,5.0,5.25,2324-E0.csv,245
understat:22140,EPL,2023/24,2024-02-17,Manchester City,Chelsea,MATCHED,True,True,,1.33,6.0,7.5,2324-E0.csv,246
understat:22143,EPL,2023/24,2024-02-18,Sheffield United,Brighton,MATCHED,True,True,,4.5,4.33,1.67,2324-E0.csv,247
understat:22139,EPL,2023/24,2024-02-18,Luton,Manchester United,MATCHED,True,True,,4.2,4.2,1.75,2324-E0.csv,248
understat:22137,EPL,2023/24,2024-02-19,Everton,Crystal Palace,MATCHED,True,True,,1.8,3.4,5.0,2324-E0.csv,249
understat:22074,EPL,2023/24,2024-02-20,Manchester City,Brentford,MATCHED,True,True,,1.18,7.5,13.0,2324-E0.csv,250
understat:22151,EPL,2023/24,2024-02-21,Liverpool,Luton,MATCHED,True,True,,1.29,6.0,8.0,2324-E0.csv,251
understat:22147,EPL,2023/24,2024-02-24,Aston Villa,Nottingham Forest,MATCHED,True,True,,1.57,4.5,5.25,2324-E0.csv,252
understat:22148,EPL,2023/24,2024-02-24,Brighton,Everton,MATCHED,True,True,,1.83,3.8,4.0,2324-E0.csv,253
understat:22150,EPL,2023/24,2024-02-24,Crystal Palace,Burnley,MATCHED,True,True,,1.95,3.5,4.0,2324-E0.csv,254
understat:22152,EPL,2023/24,2024-02-24,Manchester United,Fulham,MATCHED,True,True,,1.65,4.33,5.0,2324-E0.csv,255
understat:22145,EPL,2023/24,2024-02-24,Bournemouth,Manchester City,MATCHED,True,True,,7.0,4.5,1.44,2324-E0.csv,256
understat:22146,EPL,2023/24,2024-02-24,Arsenal,Newcastle United,MATCHED,True,True,,1.36,5.5,7.5,2324-E0.csv,257
understat:22154,EPL,2023/24,2024-02-25,Wolverhampton Wanderers,Sheffield United,MATCHED,True,True,,1.45,4.5,7.0,2324-E0.csv,258
understat:22153,EPL,2023/24,2024-02-26,West Ham,Brentford,MATCHED,True,True,,2.3,3.6,3.0,2324-E0.csv,259
understat:22155,EPL,2023/24,2024-03-02,Brentford,Chelsea,MATCHED,True,True,,3.25,3.6,2.15,2324-E0.csv,260
understat:22157,EPL,2023/24,2024-03-02,Everton,West Ham,MATCHED,True,True,,2.15,3.6,3.3,2324-E0.csv,261
understat:22158,EPL,2023/24,2024-03-02,Fulham,Brighton,MATCHED,True,True,,2.55,3.4,2.8,2324-E0.csv,262
understat:22161,EPL,2023/24,2024-03-02,Newcastle United,Wolverhampton Wanderers,MATCHED,True,True,,1.73,4.2,4.33,2324-E0.csv,263
understat:22162,EPL,2023/24,2024-03-02,Nottingham Forest,Liverpool,MATCHED,True,True,,5.25,4.33,1.6,2324-E0.csv,264
understat:22164,EPL,2023/24,2024-03-02,Tottenham,Crystal Palace,MATCHED,True,True,,1.53,4.5,5.75,2324-E0.csv,265
understat:22159,EPL,2023/24,2024-03-02,Luton,Aston Villa,MATCHED,True,True,,4.33,4.33,1.7,2324-E0.csv,266
understat:22156,EPL,2023/24,2024-03-03,Burnley,Bournemouth,MATCHED,True,True,,3.6,3.6,2.0,2324-E0.csv,267
understat:22160,EPL,2023/24,2024-03-03,Manchester City,Manchester United,MATCHED,True,True,,1.25,6.5,9.5,2324-E0.csv,268
understat:22163,EPL,2023/24,2024-03-04,Sheffield United,Arsenal,MATCHED,True,True,,13.0,7.5,1.18,2324-E0.csv,269
understat:22172,EPL,2023/24,2024-03-09,Manchester United,Everton,MATCHED,True,True,,1.91,3.75,3.8,2324-E0.csv,270
understat:22165,EPL,2023/24,2024-03-09,Bournemouth,Sheffield United,MATCHED,True,True,,1.33,5.5,7.5,2324-E0.csv,271
understat:22170,EPL,2023/24,2024-03-09,Crystal Palace,Luton,MATCHED,True,True,,1.91,3.75,3.8,2324-E0.csv,272
understat:22174,EPL,2023/24,2024-03-09,Wolverhampton Wanderers,Fulham,MATCHED,True,True,,2.4,3.4,2.88,2324-E0.csv,273
understat:22166,EPL,2023/24,2024-03-09,Arsenal,Brentford,MATCHED,True,True,,1.2,7.0,13.0,2324-E0.csv,274
understat:22167,EPL,2023/24,2024-03-10,Aston Villa,Tottenham,MATCHED,True,True,,2.4,4.0,2.6,2324-E0.csv,275
understat:22168,EPL,2023/24,2024-03-10,Brighton,Nottingham Forest,MATCHED,True,True,,1.62,4.2,4.75,2324-E0.csv,276
understat:22173,EPL,2023/24,2024-03-10,West Ham,Burnley,MATCHED,True,True,,1.65,4.0,5.0,2324-E0.csv,277
understat:22171,EPL,2023/24,2024-03-10,Liverpool,Manchester City,MATCHED,True,True,,3.4,3.8,2.05,2324-E0.csv,278
understat:22169,EPL,2023/24,2024-03-11,Chelsea,Newcastle United,MATCHED,True,True,,1.8,4.0,3.75,2324-E0.csv,279
understat:25861,EPL,2023/24,2024-03-13,Bournemouth,Luton,MATCHED,True,True,,1.53,4.75,5.5,2324-E0.csv,280
understat:22177,EPL,2023/24,2024-03-16,Burnley,Brentford,MATCHED,True,True,,3.1,3.75,2.2,2324-E0.csv,281
understat:22181,EPL,2023/24,2024-03-16,Luton,Nottingham Forest,MATCHED,True,True,,2.63,3.4,2.63,2324-E0.csv,282
understat:22180,EPL,2023/24,2024-03-16,Fulham,Tottenham,MATCHED,True,True,,3.25,4.0,2.0,2324-E0.csv,283
understat:22183,EPL,2023/24,2024-03-17,West Ham,Aston Villa,MATCHED,True,True,,2.38,3.75,2.8,2324-E0.csv,284
understat:22191,EPL,2023/24,2024-03-30,Newcastle United,West Ham,MATCHED,True,True,,1.83,4.2,3.75,2324-E0.csv,285
understat:22185,EPL,2023/24,2024-03-30,Bournemouth,Everton,MATCHED,True,True,,2.2,3.75,3.2,2324-E0.csv,286
understat:22188,EPL,2023/24,2024-03-30,Chelsea,Burnley,MATCHED,True,True,,1.29,6.5,9.0,2324-E0.csv,287
understat:22192,EPL,2023/24,2024-03-30,Nottingham Forest,Crystal Palace,MATCHED,True,True,,2.2,3.3,3.4,2324-E0.csv,288
understat:22193,EPL,2023/24,2024-03-30,Sheffield United,Fulham,MATCHED,True,True,,4.75,4.0,1.7,2324-E0.csv,289
understat:22194,EPL,2023/24,2024-03-30,Tottenham,Luton,MATCHED,True,True,,1.22,8.0,9.0,2324-E0.csv,290
understat:22186,EPL,2023/24,2024-03-30,Aston Villa,Wolverhampton Wanderers,MATCHED,True,True,,1.53,4.5,5.75,2324-E0.csv,291
understat:22187,EPL,2023/24,2024-03-30,Brentford,Manchester United,MATCHED,True,True,,3.25,4.0,2.05,2324-E0.csv,292
understat:22189,EPL,2023/24,2024-03-31,Liverpool,Brighton,MATCHED,True,True,,1.3,6.0,8.5,2324-E0.csv,293
understat:22190,EPL,2023/24,2024-03-31,Manchester City,Arsenal,MATCHED,True,True,,2.0,3.75,3.5,2324-E0.csv,294
understat:22198,EPL,2023/24,2024-04-02,Nottingham Forest,Fulham,MATCHED,True,True,,2.7,3.4,2.6,2324-E0.csv,296
understat:22202,EPL,2023/24,2024-04-02,Newcastle United,Everton,MATCHED,True,True,,1.95,3.75,3.6,2324-E0.csv,295
understat:22195,EPL,2023/24,2024-04-02,Bournemouth,Crystal Palace,MATCHED,True,True,,1.85,3.8,3.8,2324-E0.csv,297
understat:22197,EPL,2023/24,2024-04-02,Burnley,Wolverhampton Wanderers,MATCHED,True,True,,2.3,3.6,2.9,2324-E0.csv,298
understat:22199,EPL,2023/24,2024-04-02,West Ham,Tottenham,MATCHED,True,True,,3.4,4.2,1.95,2324-E0.csv,299
understat:22196,EPL,2023/24,2024-04-03,Arsenal,Luton,MATCHED,True,True,,1.14,9.5,15.0,2324-E0.csv,300
understat:22200,EPL,2023/24,2024-04-03,Brentford,Brighton,MATCHED,True,True,,2.45,3.8,2.63,2324-E0.csv,301
understat:22204,EPL,2023/24,2024-04-03,Manchester City,Aston Villa,MATCHED,True,True,,1.22,6.5,11.0,2324-E0.csv,302
understat:22203,EPL,2023/24,2024-04-04,Liverpool,Sheffield United,MATCHED,True,True,,1.07,15.0,21.0,2324-E0.csv,303
understat:22201,EPL,2023/24,2024-04-04,Chelsea,Manchester United,MATCHED,True,True,,1.8,4.2,4.0,2324-E0.csv,304
understat:22207,EPL,2023/24,2024-04-06,Crystal Palace,Manchester City,MATCHED,True,True,,10.0,5.0,1.33,2324-E0.csv,305
understat:22205,EPL,2023/24,2024-04-06,Aston Villa,Brentford,MATCHED,True,True,,1.62,4.0,5.5,2324-E0.csv,306
understat:22208,EPL,2023/24,2024-04-06,Everton,Burnley,MATCHED,True,True,,1.73,3.8,4.75,2324-E0.csv,307
understat:22209,EPL,2023/24,2024-04-06,Fulham,Newcastle United,MATCHED,True,True,,2.38,3.6,2.88,2324-E0.csv,308
understat:22210,EPL,2023/24,2024-04-06,Luton,Bournemouth,MATCHED,True,True,,3.8,3.8,1.91,2324-E0.csv,309
understat:22214,EPL,2023/24,2024-04-06,Wolverhampton Wanderers,West Ham,MATCHED,True,True,,2.7,3.6,2.5,2324-E0.csv,310
understat:22206,EPL,2023/24,2024-04-06,Brighton,Arsenal,MATCHED,True,True,,6.0,4.5,1.5,2324-E0.csv,311
understat:22211,EPL,2023/24,2024-04-07,Manchester United,Liverpool,MATCHED,True,True,,4.75,4.5,1.57,2324-E0.csv,312
understat:22212,EPL,2023/24,2024-04-07,Sheffield United,Chelsea,MATCHED,True,True,,6.5,5.0,1.44,2324-E0.csv,313
understat:22213,EPL,2023/24,2024-04-07,Tottenham,Nottingham Forest,MATCHED,True,True,,1.45,5.25,5.75,2324-E0.csv,314
understat:22222,EPL,2023/24,2024-04-13,Newcastle United,Tottenham,MATCHED,True,True,,2.55,4.0,2.45,2324-E0.csv,315
understat:22217,EPL,2023/24,2024-04-13,Brentford,Sheffield United,MATCHED,True,True,,1.5,4.75,6.0,2324-E0.csv,316
understat:22218,EPL,2023/24,2024-04-13,Burnley,Brighton,MATCHED,True,True,,3.75,4.0,1.85,2324-E0.csv,317
understat:22221,EPL,2023/24,2024-04-13,Manchester City,Luton,MATCHED,True,True,,1.08,13.0,17.0,2324-E0.csv,318
understat:22223,EPL,2023/24,2024-04-13,Nottingham Forest,Wolverhampton Wanderers,MATCHED,True,True,,2.0,3.4,3.75,2324-E0.csv,319
understat:22215,EPL,2023/24,2024-04-13,Bournemouth,Manchester United,MATCHED,True,True,,2.3,4.0,2.63,2324-E0.csv,320
understat:22220,EPL,2023/24,2024-04-14,Liverpool,Crystal Palace,MATCHED,True,True,,1.2,7.5,11.0,2324-E0.csv,321
understat:22224,EPL,2023/24,2024-04-14,West Ham,Fulham,MATCHED,True,True,,2.38,3.6,2.8,2324-E0.csv,322
understat:22216,EPL,2023/24,2024-04-14,Arsenal,Aston Villa,MATCHED,True,True,,1.25,6.0,10.0,2324-E0.csv,323
understat:22219,EPL,2023/24,2024-04-15,Chelsea,Everton,MATCHED,True,True,,1.65,4.0,5.0,2324-E0.csv,324
understat:22230,EPL,2023/24,2024-04-20,Luton,Brentford,MATCHED,True,True,,2.8,3.6,2.38,2324-E0.csv,325
understat:22232,EPL,2023/24,2024-04-20,Sheffield United,Burnley,MATCHED,True,True,,2.6,3.4,2.63,2324-E0.csv,326
understat:22234,EPL,2023/24,2024-04-20,Wolverhampton Wanderers,Arsenal,MATCHED,True,True,,11.0,6.0,1.22,2324-E0.csv,327
understat:22228,EPL,2023/24,2024-04-21,Everton,Nottingham Forest,MATCHED,True,True,,2.25,3.2,3.4,2324-E0.csv,328
understat:22225,EPL,2023/24,2024-04-21,Aston Villa,Bournemouth,MATCHED,True,True,,1.83,4.0,3.8,2324-E0.csv,329
understat:22227,EPL,2023/24,2024-04-21,Crystal Palace,West Ham,MATCHED,True,True,,2.2,3.5,3.25,2324-E0.csv,330
understat:22229,EPL,2023/24,2024-04-21,Fulham,Liverpool,MATCHED,True,True,,4.33,4.5,1.67,2324-E0.csv,331
understat:22175,EPL,2023/24,2024-04-23,Arsenal,Chelsea,MATCHED,True,True,,1.4,5.0,7.0,2324-E0.csv,332
understat:22184,EPL,2023/24,2024-04-24,Wolverhampton Wanderers,Bournemouth,MATCHED,True,True,,2.7,3.75,2.4,2324-E0.csv,333
understat:22178,EPL,2023/24,2024-04-24,Crystal Palace,Newcastle United,MATCHED,True,True,,3.1,3.6,2.2,2324-E0.csv,334
understat:22179,EPL,2023/24,2024-04-24,Everton,Liverpool,MATCHED,True,True,,7.0,5.0,1.4,2324-E0.csv,335
understat:22182,EPL,2023/24,2024-04-24,Manchester United,Sheffield United,MATCHED,True,True,,1.3,6.0,8.5,2324-E0.csv,336
understat:22176,EPL,2023/24,2024-04-25,Brighton,Manchester City,MATCHED,True,True,,8.0,5.5,1.33,2324-E0.csv,337
understat:22243,EPL,2023/24,2024-04-27,West Ham,Liverpool,MATCHED,True,True,,5.0,4.75,1.55,2324-E0.csv,338
understat:22238,EPL,2023/24,2024-04-27,Fulham,Crystal Palace,MATCHED,True,True,,2.05,3.5,3.5,2324-E0.csv,339
understat:22239,EPL,2023/24,2024-04-27,Manchester United,Burnley,MATCHED,True,True,,1.5,5.0,5.5,2324-E0.csv,340
understat:22240,EPL,2023/24,2024-04-27,Newcastle United,Sheffield United,MATCHED,True,True,,1.2,7.5,11.0,2324-E0.csv,341
understat:22244,EPL,2023/24,2024-04-27,Wolverhampton Wanderers,Luton,MATCHED,True,True,,1.91,3.75,3.75,2324-E0.csv,342
understat:22237,EPL,2023/24,2024-04-27,Everton,Brentford,MATCHED,True,True,,2.8,3.5,2.4,2324-E0.csv,343
understat:22236,EPL,2023/24,2024-04-27,Aston Villa,Chelsea,MATCHED,True,True,,2.05,3.8,3.4,2324-E0.csv,344
understat:22235,EPL,2023/24,2024-04-28,Bournemouth,Brighton,MATCHED,True,True,,1.91,4.2,3.5,2324-E0.csv,345
understat:22241,EPL,2023/24,2024-04-28,Tottenham,Arsenal,MATCHED,True,True,,4.33,4.0,1.73,2324-E0.csv,346
understat:22242,EPL,2023/24,2024-04-28,Nottingham Forest,Manchester City,MATCHED,True,True,,12.0,6.0,1.25,2324-E0.csv,347
understat:22149,EPL,2023/24,2024-05-02,Chelsea,Tottenham,MATCHED,True,True,,2.4,4.0,2.6,2324-E0.csv,348
understat:22252,EPL,2023/24,2024-05-03,Luton,Everton,MATCHED,True,True,,2.7,3.6,2.45,2324-E0.csv,349
understat:22245,EPL,2023/24,2024-05-04,Arsenal,Bournemouth,MATCHED,True,True,,1.2,7.0,13.0,2324-E0.csv,350
understat:22246,EPL,2023/24,2024-05-04,Brentford,Fulham,MATCHED,True,True,,2.05,3.8,3.25,2324-E0.csv,351
understat:22248,EPL,2023/24,2024-05-04,Burnley,Newcastle United,MATCHED,True,True,,3.4,4.0,1.95,2324-E0.csv,352
understat:22254,EPL,2023/24,2024-05-04,Sheffield United,Nottingham Forest,MATCHED,True,True,,4.75,4.2,1.67,2324-E0.csv,353
understat:22253,EPL,2023/24,2024-05-04,Manchester City,Wolverhampton Wanderers,MATCHED,True,True,,1.08,13.0,19.0,2324-E0.csv,354
understat:22247,EPL,2023/24,2024-05-05,Brighton,Aston Villa,MATCHED,True,True,,2.3,3.6,2.8,2324-E0.csv,355
understat:22249,EPL,2023/24,2024-05-05,Chelsea,West Ham,MATCHED,True,True,,1.5,5.0,5.5,2324-E0.csv,356
understat:22251,EPL,2023/24,2024-05-05,Liverpool,Tottenham,MATCHED,True,True,,1.44,5.75,5.5,2324-E0.csv,357
understat:22250,EPL,2023/24,2024-05-06,Crystal Palace,Manchester United,MATCHED,True,True,,1.95,3.8,3.6,2324-E0.csv,358
understat:22258,EPL,2023/24,2024-05-11,Fulham,Manchester City,MATCHED,True,True,,12.0,7.0,1.2,2324-E0.csv,359
understat:22255,EPL,2023/24,2024-05-11,Bournemouth,Brentford,MATCHED,True,True,,2.15,3.6,3.2,2324-E0.csv,360
understat:22257,EPL,2023/24,2024-05-11,Everton,Sheffield United,MATCHED,True,True,,1.4,5.0,7.0,2324-E0.csv,361
understat:22260,EPL,2023/24,2024-05-11,Newcastle United,Brighton,MATCHED,True,True,,1.57,4.75,5.0,2324-E0.csv,362
understat:22262,EPL,2023/24,2024-05-11,Tottenham,Burnley,MATCHED,True,True,,1.29,6.5,8.0,2324-E0.csv,363
understat:22263,EPL,2023/24,2024-05-11,West Ham,Luton,MATCHED,True,True,,1.85,4.0,3.8,2324-E0.csv,364
understat:22264,EPL,2023/24,2024-05-11,Wolverhampton Wanderers,Crystal Palace,MATCHED,True,True,,3.2,3.5,2.2,2324-E0.csv,365
understat:22261,EPL,2023/24,2024-05-11,Nottingham Forest,Chelsea,MATCHED,True,True,,4.0,4.0,1.85,2324-E0.csv,366
understat:22259,EPL,2023/24,2024-05-12,Manchester United,Arsenal,MATCHED,True,True,,9.5,6.0,1.29,2324-E0.csv,367
understat:22256,EPL,2023/24,2024-05-13,Aston Villa,Liverpool,MATCHED,True,True,,3.7,4.75,1.75,2324-E0.csv,368
understat:22233,EPL,2023/24,2024-05-14,Tottenham,Manchester City,MATCHED,True,True,,6.5,6.0,1.36,2324-E0.csv,369
understat:22226,EPL,2023/24,2024-05-15,Brighton,Chelsea,MATCHED,True,True,,3.2,4.0,2.0,2324-E0.csv,370
understat:22231,EPL,2023/24,2024-05-15,Manchester United,Newcastle United,MATCHED,True,True,,2.7,3.9,2.35,2324-E0.csv,371
understat:22265,EPL,2023/24,2024-05-19,Arsenal,Everton,MATCHED,True,True,,1.22,7.5,10.0,2324-E0.csv,372
understat:22266,EPL,2023/24,2024-05-19,Brentford,Newcastle United,MATCHED,True,True,,2.9,3.9,2.15,2324-E0.csv,373
understat:22267,EPL,2023/24,2024-05-19,Brighton,Manchester United,MATCHED,True,True,,2.6,4.0,2.38,2324-E0.csv,374
understat:22268,EPL,2023/24,2024-05-19,Burnley,Nottingham Forest,MATCHED,True,True,,2.8,3.8,2.3,2324-E0.csv,375
understat:22269,EPL,2023/24,2024-05-19,Chelsea,Bournemouth,MATCHED,True,True,,1.38,5.25,7.0,2324-E0.csv,376
understat:22270,EPL,2023/24,2024-05-19,Crystal Palace,Aston Villa,MATCHED,True,True,,1.57,4.5,4.75,2324-E0.csv,377
understat:22271,EPL,2023/24,2024-05-19,Liverpool,Wolverhampton Wanderers,MATCHED,True,True,,1.13,9.5,17.0,2324-E0.csv,378
understat:22272,EPL,2023/24,2024-05-19,Luton,Fulham,MATCHED,True,True,,3.0,3.9,2.15,2324-E0.csv,379
understat:22273,EPL,2023/24,2024-05-19,Manchester City,West Ham,MATCHED,True,True,,1.07,15.0,19.0,2324-E0.csv,380
understat:22274,EPL,2023/24,2024-05-19,Sheffield United,Tottenham,MATCHED,True,True,,7.5,5.75,1.33,2324-E0.csv,381
understat:26602,EPL,2024/25,2024-08-16,Manchester United,Fulham,MATCHED,True,True,,1.67,4.1,5.0,2425-E0.csv,2
understat:26603,EPL,2024/25,2024-08-17,Ipswich,Liverpool,MATCHED,True,True,,8.0,5.75,1.33,2425-E0.csv,3
understat:26604,EPL,2024/25,2024-08-17,Arsenal,Wolverhampton Wanderers,MATCHED,True,True,,1.14,8.5,15.0,2425-E0.csv,4
understat:26605,EPL,2024/25,2024-08-17,Everton,Brighton,MATCHED,True,True,,3.1,3.4,2.3,2425-E0.csv,5
understat:26606,EPL,2024/25,2024-08-17,Newcastle United,Southampton,MATCHED,True,True,,1.4,5.0,7.0,2425-E0.csv,6
understat:26607,EPL,2024/25,2024-08-17,Nottingham Forest,Bournemouth,MATCHED,True,True,,2.2,3.4,3.25,2425-E0.csv,7
understat:26608,EPL,2024/25,2024-08-17,West Ham,Aston Villa,MATCHED,True,True,,2.4,3.5,2.8,2425-E0.csv,8
understat:26609,EPL,2024/25,2024-08-18,Brentford,Crystal Palace,MATCHED,True,True,,2.88,3.2,2.55,2425-E0.csv,9
understat:26610,EPL,2024/25,2024-08-18,Chelsea,Manchester City,MATCHED,True,True,,3.6,3.9,1.95,2425-E0.csv,10
understat:26611,EPL,2024/25,2024-08-19,Leicester,Tottenham,MATCHED,True,True,,4.5,4.2,1.7,2425-E0.csv,11
understat:26612,EPL,2024/25,2024-08-24,Brighton,Manchester United,MATCHED,True,True,,2.3,3.8,2.88,2425-E0.csv,12
understat:26613,EPL,2024/25,2024-08-24,Crystal Palace,West Ham,MATCHED,True,True,,1.95,3.9,3.7,2425-E0.csv,13
understat:26614,EPL,2024/25,2024-08-24,Fulham,Leicester,MATCHED,True,True,,1.85,3.75,4.1,2425-E0.csv,14
understat:26615,EPL,2024/25,2024-08-24,Manchester City,Ipswich,MATCHED,True,True,,1.1,10.0,23.0,2425-E0.csv,15
understat:26616,EPL,2024/25,2024-08-24,Southampton,Nottingham Forest,MATCHED,True,True,,2.3,3.5,3.0,2425-E0.csv,16
understat:26617,EPL,2024/25,2024-08-24,Tottenham,Everton,MATCHED,True,True,,1.36,5.25,7.5,2425-E0.csv,17
understat:26618,EPL,2024/25,2024-08-24,Aston Villa,Arsenal,MATCHED,True,True,,4.5,4.0,1.73,2425-E0.csv,18
understat:26619,EPL,2024/25,2024-08-25,Wolverhampton Wanderers,Chelsea,MATCHED,True,True,,3.75,3.8,1.9,2425-E0.csv,20
understat:26620,EPL,2024/25,2024-08-25,Bournemouth,Newcastle United,MATCHED,True,True,,2.55,3.6,2.6,2425-E0.csv,19
understat:26621,EPL,2024/25,2024-08-25,Liverpool,Brentford,MATCHED,True,True,,1.2,7.0,13.0,2425-E0.csv,21
understat:26622,EPL,2024/25,2024-08-31,Arsenal,Brighton,MATCHED,True,True,,1.36,5.25,7.5,2425-E0.csv,22
understat:26623,EPL,2024/25,2024-08-31,Brentford,Southampton,MATCHED,True,True,,1.8,3.9,4.33,2425-E0.csv,23
understat:26624,EPL,2024/25,2024-08-31,Everton,Bournemouth,MATCHED,True,True,,3.0,3.4,2.35,2425-E0.csv,24
understat:26625,EPL,2024/25,2024-08-31,Ipswich,Fulham,MATCHED,True,True,,3.0,3.4,2.38,2425-E0.csv,25
understat:26626,EPL,2024/25,2024-08-31,Leicester,Aston Villa,MATCHED,True,True,,4.0,3.7,1.85,2425-E0.csv,26
understat:26627,EPL,2024/25,2024-08-31,Nottingham Forest,Wolverhampton Wanderers,MATCHED,True,True,,1.95,3.6,3.7,2425-E0.csv,27
understat:26628,EPL,2024/25,2024-08-31,West Ham,Manchester City,MATCHED,True,True,,7.5,5.0,1.4,2425-E0.csv,28
understat:26629,EPL,2024/25,2024-09-01,Newcastle United,Tottenham,MATCHED,True,True,,2.45,3.9,2.55,2425-E0.csv,30
understat:26630,EPL,2024/25,2024-09-01,Chelsea,Crystal Palace,MATCHED,True,True,,1.65,4.33,4.75,2425-E0.csv,29
understat:26631,EPL,2024/25,2024-09-01,Manchester United,Liverpool,MATCHED,True,True,,3.5,4.1,1.91,2425-E0.csv,31
understat:26632,EPL,2024/25,2024-09-14,Southampton,Manchester United,MATCHED,True,True,,4.0,4.1,1.8,2425-E0.csv,32
understat:26633,EPL,2024/25,2024-09-14,Brighton,Ipswich,MATCHED,True,True,,1.45,4.75,6.5,2425-E0.csv,33
understat:26634,EPL,2024/25,2024-09-14,Fulham,West Ham,MATCHED,True,True,,2.25,3.3,3.2,2425-E0.csv,35
understat:26635,EPL,2024/25,2024-09-14,Liverpool,Nottingham Forest,MATCHED,True,True,,1.25,6.25,11.0,2425-E0.csv,36
understat:26636,EPL,2024/25,2024-09-14,Crystal Palace,Leicester,MATCHED,True,True,,1.65,3.9,5.25,2425-E0.csv,34
understat:26637,EPL,2024/25,2024-09-14,Manchester City,Brentford,MATCHED,True,True,,1.17,8.0,15.0,2425-E0.csv,37
understat:26638,EPL,2024/25,2024-09-14,Aston Villa,Everton,MATCHED,True,True,,1.67,3.75,5.25,2425-E0.csv,38
understat:26639,EPL,2024/25,2024-09-14,Bournemouth,Chelsea,MATCHED,True,True,,3.1,3.6,2.2,2425-E0.csv,39
understat:26640,EPL,2024/25,2024-09-15,Tottenham,Arsenal,MATCHED,True,True,,2.7,3.4,2.6,2425-E0.csv,40
understat:26641,EPL,2024/25,2024-09-15,Wolverhampton Wanderers,Newcastle United,MATCHED,True,True,,3.6,3.5,2.05,2425-E0.csv,41
understat:26642,EPL,2024/25,2024-09-21,West Ham,Chelsea,MATCHED,True,True,,3.5,3.9,1.95,2425-E0.csv,42
understat:26643,EPL,2024/25,2024-09-21,Southampton,Ipswich,MATCHED,True,True,,2.45,3.4,2.88,2425-E0.csv,47
understat:26644,EPL,2024/25,2024-09-21,Leicester,Everton,MATCHED,True,True,,2.1,3.5,3.5,2425-E0.csv,45
understat:26645,EPL,2024/25,2024-09-21,Liverpool,Bournemouth,MATCHED,True,True,,1.25,6.5,10.0,2425-E0.csv,46
understat:26646,EPL,2024/25,2024-09-21,Fulham,Newcastle United,MATCHED,True,True,,2.9,3.4,2.4,2425-E0.csv,44
understat:26647,EPL,2024/25,2024-09-21,Aston Villa,Wolverhampton Wanderers,MATCHED,True,True,,1.65,4.0,4.75,2425-E0.csv,43
understat:26648,EPL,2024/25,2024-09-21,Tottenham,Brentford,MATCHED,True,True,,1.48,5.0,6.0,2425-E0.csv,48
understat:26649,EPL,2024/25,2024-09-21,Crystal Palace,Manchester United,MATCHED,True,True,,2.75,3.5,2.45,2425-E0.csv,49
understat:26650,EPL,2024/25,2024-09-22,Brighton,Nottingham Forest,MATCHED,True,True,,1.8,3.7,4.33,2425-E0.csv,50
understat:26651,EPL,2024/25,2024-09-22,Manchester City,Arsenal,MATCHED,True,True,,1.75,3.5,5.0,2425-E0.csv,51
understat:26652,EPL,2024/25,2024-09-28,Newcastle United,Manchester City,MATCHED,True,True,,4.75,4.1,1.67,2425-E0.csv,52
understat:26653,EPL,2024/25,2024-09-28,Nottingham Forest,Fulham,MATCHED,True,True,,2.55,3.1,2.9,2425-E0.csv,57
understat:26654,EPL,2024/25,2024-09-28,Everton,Crystal Palace,MATCHED,True,True,,2.7,3.25,2.6,2425-E0.csv,56
understat:26655,EPL,2024/25,2024-09-28,Arsenal,Leicester,MATCHED,True,True,,1.2,7.5,13.0,2425-E0.csv,53
understat:26656,EPL,2024/25,2024-09-28,Brentford,West Ham,MATCHED,True,True,,2.2,3.5,3.1,2425-E0.csv,54
understat:26657,EPL,2024/25,2024-09-28,Chelsea,Brighton,MATCHED,True,True,,1.75,4.2,4.0,2425-E0.csv,55
understat:26658,EPL,2024/25,2024-09-28,Wolverhampton Wanderers,Liverpool,MATCHED,True,True,,8.0,5.75,1.33,2425-E0.csv,58
understat:26659,EPL,2024/25,2024-09-29,Ipswich,Aston Villa,MATCHED,True,True,,3.5,3.5,2.1,2425-E0.csv,59
understat:26660,EPL,2024/25,2024-09-29,Manchester United,Tottenham,MATCHED,True,True,,2.05,3.9,3.2,2425-E0.csv,60
understat:26661,EPL,2024/25,2024-09-30,Bournemouth,Southampton,MATCHED,True,True,,1.48,4.33,6.5,2425-E0.csv,61
understat:26662,EPL,2024/25,2024-10-05,Crystal Palace,Liverpool,MATCHED,True,True,,5.0,4.0,1.67,2425-E0.csv,62
understat:26663,EPL,2024/25,2024-10-05,Leicester,Bournemouth,MATCHED,True,True,,3.5,3.9,2.0,2425-E0.csv,65
understat:26664,EPL,2024/25,2024-10-05,Manchester City,Fulham,MATCHED,True,True,,1.25,6.5,10.0,2425-E0.csv,66
understat:26665,EPL,2024/25,2024-10-05,West Ham,Ipswich,MATCHED,True,True,,1.9,3.8,3.8,2425-E0.csv,67
understat:26666,EPL,2024/25,2024-10-05,Arsenal,Southampton,MATCHED,True,True,,1.18,7.5,13.0,2425-E0.csv,63
understat:26667,EPL,2024/25,2024-10-05,Brentford,Wolverhampton Wanderers,MATCHED,True,True,,2.1,3.5,3.4,2425-E0.csv,64
understat:26669,EPL,2024/25,2024-10-05,Everton,Newcastle United,MATCHED,True,True,,3.7,3.7,1.95,2425-E0.csv,68
understat:26668,EPL,2024/25,2024-10-06,Chelsea,Nottingham Forest,MATCHED,True,True,,1.48,4.5,6.5,2425-E0.csv,70
understat:26670,EPL,2024/25,2024-10-06,Aston Villa,Manchester United,MATCHED,True,True,,2.1,3.9,3.1,2425-E0.csv,69
understat:26671,EPL,2024/25,2024-10-06,Brighton,Tottenham,MATCHED,True,True,,2.9,3.9,2.15,2425-E0.csv,71
understat:26672,EPL,2024/25,2024-10-19,Tottenham,West Ham,MATCHED,True,True,,1.45,5.25,5.75,2425-E0.csv,72
understat:26673,EPL,2024/25,2024-10-19,Fulham,Aston Villa,MATCHED,True,True,,2.45,3.4,2.8,2425-E0.csv,73
understat:26674,EPL,2024/25,2024-10-19,Ipswich,Everton,MATCHED,True,True,,2.38,3.4,2.9,2425-E0.csv,74
understat:26675,EPL,2024/25,2024-10-19,Manchester United,Brentford,MATCHED,True,True,,1.62,4.2,5.0,2425-E0.csv,75
understat:26676,EPL,2024/25,2024-10-19,Newcastle United,Brighton,MATCHED,True,True,,1.73,4.0,4.5,2425-E0.csv,76
understat:26678,EPL,2024/25,2024-10-19,Southampton,Leicester,MATCHED,True,True,,2.15,3.6,3.25,2425-E0.csv,77
understat:26680,EPL,2024/25,2024-10-19,Bournemouth,Arsenal,MATCHED,True,True,,4.75,3.7,1.75,2425-E0.csv,78
understat:26681,EPL,2024/25,2024-10-20,Wolverhampton Wanderers,Manchester City,MATCHED,True,True,,8.5,5.5,1.33,2425-E0.csv,79
understat:26679,EPL,2024/25,2024-10-20,Liverpool,Chelsea,MATCHED,True,True,,1.67,4.33,4.2,2425-E0.csv,80
understat:26677,EPL,2024/25,2024-10-21,Nottingham Forest,Crystal Palace,MATCHED,True,True,,2.3,3.3,3.1,2425-E0.csv,81
understat:26682,EPL,2024/25,2024-10-25,Leicester,Nottingham Forest,MATCHED,True,True,,2.88,3.4,2.45,2425-E0.csv,82
understat:26683,EPL,2024/25,2024-10-26,Manchester City,Southampton,MATCHED,True,True,,1.13,9.5,15.0,2425-E0.csv,86
understat:26684,EPL,2024/25,2024-10-26,Aston Villa,Bournemouth,MATCHED,True,True,,1.75,3.9,4.33,2425-E0.csv,83
understat:26685,EPL,2024/25,2024-10-26,Brentford,Ipswich,MATCHED,True,True,,1.67,4.2,4.75,2425-E0.csv,84
understat:26686,EPL,2024/25,2024-10-26,Brighton,Wolverhampton Wanderers,MATCHED,True,True,,1.55,4.33,5.5,2425-E0.csv,85
understat:26687,EPL,2024/25,2024-10-26,Everton,Fulham,MATCHED,True,True,,2.6,3.4,2.63,2425-E0.csv,87
understat:26688,EPL,2024/25,2024-10-27,Chelsea,Newcastle United,MATCHED,True,True,,1.75,4.2,4.0,2425-E0.csv,88
understat:26689,EPL,2024/25,2024-10-27,Crystal Palace,Tottenham,MATCHED,True,True,,3.6,4.0,1.91,2425-E0.csv,89
understat:26690,EPL,2024/25,2024-10-27,West Ham,Manchester United,MATCHED,True,True,,3.3,3.75,2.1,2425-E0.csv,90
understat:26691,EPL,2024/25,2024-10-27,Arsenal,Liverpool,MATCHED,True,True,,2.2,3.3,3.3,2425-E0.csv,91
understat:26694,EPL,2024/25,2024-11-02,Newcastle United,Arsenal,MATCHED,True,True,,4.0,3.6,1.95,2425-E0.csv,92
understat:26692,EPL,2024/25,2024-11-02,Bournemouth,Manchester City,MATCHED,True,True,,5.75,4.2,1.55,2425-E0.csv,93
understat:26695,EPL,2024/25,2024-11-02,Ipswich,Leicester,MATCHED,True,True,,2.3,3.7,2.9,2425-E0.csv,94
understat:26696,EPL,2024/25,2024-11-02,Liverpool,Brighton,MATCHED,True,True,,1.36,5.25,7.5,2425-E0.csv,95
understat:26698,EPL,2024/25,2024-11-02,Nottingham Forest,West Ham,MATCHED,True,True,,2.0,3.5,3.75,2425-E0.csv,96
understat:26699,EPL,2024/25,2024-11-02,Southampton,Everton,MATCHED,True,True,,2.63,3.25,2.63,2425-E0.csv,97
understat:26701,EPL,2024/25,2024-11-02,Wolverhampton Wanderers,Crystal Palace,MATCHED,True,True,,2.35,3.4,3.0,2425-E0.csv,98
understat:26700,EPL,2024/25,2024-11-03,Tottenham,Aston Villa,MATCHED,True,True,,1.91,4.0,3.5,2425-E0.csv,99
understat:26697,EPL,2024/25,2024-11-03,Manchester United,Chelsea,MATCHED,True,True,,2.63,3.5,2.6,2425-E0.csv,100
understat:26693,EPL,2024/25,2024-11-04,Fulham,Brentford,MATCHED,True,True,,1.95,3.8,3.6,2425-E0.csv,101
understat:26702,EPL,2024/25,2024-11-09,Brentford,Bournemouth,MATCHED,True,True,,2.6,3.5,2.63,2425-E0.csv,102
understat:26706,EPL,2024/25,2024-11-09,Crystal Palace,Fulham,MATCHED,True,True,,3.3,3.25,2.25,2425-E0.csv,103
understat:26710,EPL,2024/25,2024-11-09,West Ham,Everton,MATCHED,True,True,,2.15,3.3,3.5,2425-E0.csv,104
understat:26711,EPL,2024/25,2024-11-09,Wolverhampton Wanderers,Southampton,MATCHED,True,True,,1.91,3.75,3.8,2425-E0.csv,105
understat:26703,EPL,2024/25,2024-11-09,Brighton,Manchester City,MATCHED,True,True,,4.0,4.0,1.8,2425-E0.csv,106
understat:26707,EPL,2024/25,2024-11-09,Liverpool,Aston Villa,MATCHED,True,True,,1.45,4.75,6.25,2425-E0.csv,107
understat:26704,EPL,2024/25,2024-11-10,Nottingham Forest,Newcastle United,MATCHED,True,True,,2.7,3.3,2.6,2425-E0.csv,109
understat:26708,EPL,2024/25,2024-11-10,Manchester United,Leicester,MATCHED,True,True,,1.33,5.75,8.0,2425-E0.csv,108
understat:26709,EPL,2024/25,2024-11-10,Tottenham,Ipswich,MATCHED,True,True,,1.25,6.5,9.5,2425-E0.csv,110
understat:26705,EPL,2024/25,2024-11-10,Chelsea,Arsenal,MATCHED,True,True,,2.8,3.4,2.5,2425-E0.csv,111
understat:26719,EPL,2024/25,2024-11-23,Leicester,Chelsea,MATCHED,True,True,,7.0,4.75,1.44,2425-E0.csv,112
understat:26712,EPL,2024/25,2024-11-23,Bournemouth,Brighton,MATCHED,True,True,,2.35,3.6,2.88,2425-E0.csv,115
understat:26714,EPL,2024/25,2024-11-23,Arsenal,Nottingham Forest,MATCHED,True,True,,1.4,4.75,7.5,2425-E0.csv,113
understat:26715,EPL,2024/25,2024-11-23,Everton,Brentford,MATCHED,True,True,,2.3,3.4,3.1,2425-E0.csv,116
understat:26716,EPL,2024/25,2024-11-23,Aston Villa,Crystal Palace,MATCHED,True,True,,1.73,3.7,5.0,2425-E0.csv,114
understat:26717,EPL,2024/25,2024-11-23,Fulham,Wolverhampton Wanderers,MATCHED,True,True,,1.53,4.33,5.75,2425-E0.csv,117
understat:26720,EPL,2024/25,2024-11-23,Manchester City,Tottenham,MATCHED,True,True,,1.4,5.0,7.0,2425-E0.csv,118
understat:26721,EPL,2024/25,2024-11-24,Southampton,Liverpool,MATCHED,True,True,,8.5,5.25,1.33,2425-E0.csv,119
understat:26718,EPL,2024/25,2024-11-24,Ipswich,Manchester United,MATCHED,True,True,,5.0,4.1,1.65,2425-E0.csv,120
understat:26713,EPL,2024/25,2024-11-25,Newcastle United,West Ham,MATCHED,True,True,,1.45,4.75,6.25,2425-E0.csv,121
understat:26723,EPL,2024/25,2024-11-29,Brighton,Southampton,MATCHED,True,True,,1.38,5.25,7.5,2425-E0.csv,122
understat:26722,EPL,2024/25,2024-11-30,Brentford,Leicester,MATCHED,True,True,,1.6,4.33,5.0,2425-E0.csv,123
understat:26725,EPL,2024/25,2024-11-30,Crystal Palace,Newcastle United,MATCHED,True,True,,3.2,3.4,2.2,2425-E0.csv,124
understat:26728,EPL,2024/25,2024-11-30,Nottingham Forest,Ipswich,MATCHED,True,True,,1.7,4.0,4.75,2425-E0.csv,125
understat:26731,EPL,2024/25,2024-11-30,Wolverhampton Wanderers,Bournemouth,MATCHED,True,True,,2.63,3.5,2.6,2425-E0.csv,126
understat:26730,EPL,2024/25,2024-11-30,West Ham,Arsenal,MATCHED,True,True,,7.0,4.5,1.42,2425-E0.csv,127
understat:26724,EPL,2024/25,2024-12-01,Chelsea,Aston Villa,MATCHED,True,True,,1.7,4.0,4.5,2425-E0.csv,128
understat:26727,EPL,2024/25,2024-12-01,Manchester United,Everton,MATCHED,True,True,,1.57,4.0,5.75,2425-E0.csv,129
understat:26729,EPL,2024/25,2024-12-01,Tottenham,Fulham,MATCHED,True,True,,1.95,4.2,3.3,2425-E0.csv,130
understat:26726,EPL,2024/25,2024-12-01,Liverpool,Manchester City,MATCHED,True,True,,2.0,3.8,3.5,2425-E0.csv,131
understat:26737,EPL,2024/25,2024-12-03,Ipswich,Crystal Palace,MATCHED,True,True,,3.2,3.4,2.25,2425-E0.csv,132
understat:26738,EPL,2024/25,2024-12-03,Leicester,West Ham,MATCHED,True,True,,3.0,3.5,2.3,2425-E0.csv,133
understat:26735,EPL,2024/25,2024-12-04,Everton,Wolverhampton Wanderers,MATCHED,True,True,,2.1,3.3,3.6,2425-E0.csv,134
understat:26739,EPL,2024/25,2024-12-04,Manchester City,Nottingham Forest,MATCHED,True,True,,1.3,5.25,9.5,2425-E0.csv,135
understat:26740,EPL,2024/25,2024-12-04,Newcastle United,Liverpool,MATCHED,True,True,,3.5,3.75,2.0,2425-E0.csv,136
understat:26741,EPL,2024/25,2024-12-04,Southampton,Chelsea,MATCHED,True,True,,8.5,5.5,1.3,2425-E0.csv,137
understat:26733,EPL,2024/25,2024-12-04,Arsenal,Manchester United,MATCHED,True,True,,1.45,4.33,6.25,2425-E0.csv,138
understat:26734,EPL,2024/25,2024-12-04,Aston Villa,Brentford,MATCHED,True,True,,1.67,4.0,5.0,2425-E0.csv,139
understat:26736,EPL,2024/25,2024-12-05,Fulham,Brighton,MATCHED,True,True,,2.55,3.6,2.6,2425-E0.csv,140
understat:26732,EPL,2024/25,2024-12-05,Bournemouth,Tottenham,MATCHED,True,True,,2.1,4.0,3.0,2425-E0.csv,141
understat:26742,EPL,2024/25,2024-12-07,Aston Villa,Southampton,MATCHED,True,True,,1.3,5.5,9.0,2425-E0.csv,142
understat:26743,EPL,2024/25,2024-12-07,Brentford,Newcastle United,MATCHED,True,True,,2.88,3.75,2.3,2425-E0.csv,143
understat:26747,EPL,2024/25,2024-12-07,Crystal Palace,Manchester City,MATCHED,True,True,,4.5,4.0,1.73,2425-E0.csv,144
understat:26744,EPL,2024/25,2024-12-07,Manchester United,Nottingham Forest,MATCHED,True,True,,1.67,3.9,5.0,2425-E0.csv,145
understat:26749,EPL,2024/25,2024-12-08,Fulham,Arsenal,MATCHED,True,True,,5.0,4.33,1.62,2425-E0.csv,146
understat:26750,EPL,2024/25,2024-12-08,Ipswich,Bournemouth,MATCHED,True,True,,3.7,3.8,1.91,2425-E0.csv,147
understat:26751,EPL,2024/25,2024-12-08,Leicester,Brighton,MATCHED,True,True,,5.0,4.2,1.65,2425-E0.csv,148
understat:26745,EPL,2024/25,2024-12-08,Tottenham,Chelsea,MATCHED,True,True,,2.88,4.0,2.2,2425-E0.csv,149
understat:26746,EPL,2024/25,2024-12-09,West Ham,Wolverhampton Wanderers,MATCHED,True,True,,1.8,3.9,4.2,2425-E0.csv,150
understat:26752,EPL,2024/25,2024-12-14,Liverpool,Fulham,MATCHED,True,True,,1.29,6.0,9.0,2425-E0.csv,152
understat:26755,EPL,2024/25,2024-12-14,Arsenal,Everton,MATCHED,True,True,,1.22,6.5,13.0,2425-E0.csv,151
understat:26758,EPL,2024/25,2024-12-14,Wolverhampton Wanderers,Ipswich,MATCHED,True,True,,1.91,3.7,3.75,2425-E0.csv,154
understat:26760,EPL,2024/25,2024-12-14,Newcastle United,Leicester,MATCHED,True,True,,1.29,6.25,9.0,2425-E0.csv,153
understat:26761,EPL,2024/25,2024-12-14,Nottingham Forest,Aston Villa,MATCHED,True,True,,2.7,3.2,2.75,2425-E0.csv,155
understat:26756,EPL,2024/25,2024-12-15,Brighton,Crystal Palace,MATCHED,True,True,,1.91,3.6,3.9,2425-E0.csv,156
understat:26753,EPL,2024/25,2024-12-15,Manchester City,Manchester United,MATCHED,True,True,,1.5,4.75,5.75,2425-E0.csv,157
understat:26757,EPL,2024/25,2024-12-15,Chelsea,Brentford,MATCHED,True,True,,1.33,6.0,7.5,2425-E0.csv,158
understat:26759,EPL,2024/25,2024-12-15,Southampton,Tottenham,MATCHED,True,True,,3.9,4.5,1.75,2425-E0.csv,159
understat:26754,EPL,2024/25,2024-12-16,Bournemouth,West Ham,MATCHED,True,True,,1.73,4.1,4.2,2425-E0.csv,160
understat:26762,EPL,2024/25,2024-12-21,Aston Villa,Manchester City,MATCHED,True,True,,3.1,3.6,2.2,2425-E0.csv,161
understat:26766,EPL,2024/25,2024-12-21,Brentford,Nottingham Forest,MATCHED,True,True,,2.5,3.6,2.7,2425-E0.csv,162
understat:26767,EPL,2024/25,2024-12-21,West Ham,Brighton,MATCHED,True,True,,2.75,3.6,2.45,2425-E0.csv,164
understat:26771,EPL,2024/25,2024-12-21,Ipswich,Newcastle United,MATCHED,True,True,,4.75,3.9,1.73,2425-E0.csv,163
understat:26765,EPL,2024/25,2024-12-21,Crystal Palace,Arsenal,MATCHED,True,True,,7.0,4.33,1.48,2425-E0.csv,165
understat:26763,EPL,2024/25,2024-12-22,Fulham,Southampton,MATCHED,True,True,,1.57,4.2,5.75,2425-E0.csv,167
understat:26764,EPL,2024/25,2024-12-22,Everton,Chelsea,MATCHED,True,True,,4.5,4.1,1.67,2425-E0.csv,166
understat:26769,EPL,2024/25,2024-12-22,Manchester United,Bournemouth,MATCHED,True,True,,1.8,3.7,4.33,2425-E0.csv,169
understat:26770,EPL,2024/25,2024-12-22,Leicester,Wolverhampton Wanderers,MATCHED,True,True,,2.9,3.4,2.38,2425-E0.csv,168
understat:26768,EPL,2024/25,2024-12-22,Tottenham,Liverpool,MATCHED,True,True,,4.75,4.5,1.6,2425-E0.csv,170
understat:26777,EPL,2024/25,2024-12-26,Manchester City,Everton,MATCHED,True,True,,1.33,5.5,8.5,2425-E0.csv,171
understat:26772,EPL,2024/25,2024-12-26,Bournemouth,Crystal Palace,MATCHED,True,True,,2.1,3.6,3.4,2425-E0.csv,172
understat:26775,EPL,2024/25,2024-12-26,Chelsea,Fulham,MATCHED,True,True,,1.45,5.25,5.75,2425-E0.csv,173
understat:26778,EPL,2024/25,2024-12-26,Newcastle United,Aston Villa,MATCHED,True,True,,1.9,3.8,3.8,2425-E0.csv,174
understat:26779,EPL,2024/25,2024-12-26,Nottingham Forest,Tottenham,MATCHED,True,True,,2.1,3.9,3.0,2425-E0.csv,175
understat:26780,EPL,2024/25,2024-12-26,Southampton,West Ham,MATCHED,True,True,,3.1,3.5,2.25,2425-E0.csv,176
understat:26781,EPL,2024/25,2024-12-26,Wolverhampton Wanderers,Manchester United,MATCHED,True,True,,4.33,3.8,1.8,2425-E0.csv,177
understat:26776,EPL,2024/25,2024-12-26,Liverpool,Leicester,MATCHED,True,True,,1.07,12.0,23.0,2425-E0.csv,178
understat:26774,EPL,2024/25,2024-12-27,Brighton,Brentford,MATCHED,True,True,,1.6,4.5,4.75,2425-E0.csv,179
understat:26773,EPL,2024/25,2024-12-27,Arsenal,Ipswich,MATCHED,True,True,,1.14,8.5,17.0,2425-E0.csv,180
understat:26788,EPL,2024/25,2024-12-29,Leicester,Manchester City,MATCHED,True,True,,9.5,6.25,1.27,2425-E0.csv,181
understat:26784,EPL,2024/25,2024-12-29,Crystal Palace,Southampton,MATCHED,True,True,,1.5,4.33,6.25,2425-E0.csv,182
understat:26785,EPL,2024/25,2024-12-29,Everton,Nottingham Forest,MATCHED,True,True,,2.63,3.1,2.88,2425-E0.csv,183
understat:26786,EPL,2024/25,2024-12-29,Fulham,Bournemouth,MATCHED,True,True,,2.25,3.4,3.2,2425-E0.csv,184
understat:26790,EPL,2024/25,2024-12-29,Tottenham,Wolverhampton Wanderers,MATCHED,True,True,,1.65,4.33,4.5,2425-E0.csv,185
understat:26791,EPL,2024/25,2024-12-29,West Ham,Liverpool,MATCHED,True,True,,7.0,5.25,1.38,2425-E0.csv,186
understat:26782,EPL,2024/25,2024-12-30,Aston Villa,Brighton,MATCHED,True,True,,1.85,3.7,4.1,2425-E0.csv,187
understat:26787,EPL,2024/25,2024-12-30,Ipswich,Chelsea,MATCHED,True,True,,7.0,5.0,1.4,2425-E0.csv,188
understat:26789,EPL,2024/25,2024-12-30,Manchester United,Newcastle United,MATCHED,True,True,,2.7,3.5,2.55,2425-E0.csv,189
understat:26783,EPL,2024/25,2025-01-01,Brentford,Arsenal,MATCHED,True,True,,5.5,4.33,1.55,2425-E0.csv,190
understat:26800,EPL,2024/25,2025-01-04,Tottenham,Newcastle United,MATCHED,True,True,,3.9,4.5,1.73,2425-E0.csv,191
understat:26792,EPL,2024/25,2025-01-04,Bournemouth,Everton,MATCHED,True,True,,1.67,3.8,5.0,2425-E0.csv,193
understat:26793,EPL,2024/25,2025-01-04,Aston Villa,Leicester,MATCHED,True,True,,1.33,5.25,8.5,2425-E0.csv,192
understat:26795,EPL,2024/25,2025-01-04,Crystal Palace,Chelsea,MATCHED,True,True,,3.6,3.9,1.91,2425-E0.csv,194
understat:26798,EPL,2024/25,2025-01-04,Manchester City,West Ham,MATCHED,True,True,,1.22,7.0,9.5,2425-E0.csv,195
understat:26799,EPL,2024/25,2025-01-04,Southampton,Brentford,MATCHED,True,True,,3.25,3.6,2.1,2425-E0.csv,196
understat:26794,EPL,2024/25,2025-01-04,Brighton,Arsenal,MATCHED,True,True,,5.0,3.6,1.75,2425-E0.csv,197
understat:26796,EPL,2024/25,2025-01-05,Fulham,Ipswich,MATCHED,True,True,,1.53,4.2,6.0,2425-E0.csv,198
understat:26797,EPL,2024/25,2025-01-05,Liverpool,Manchester United,MATCHED,True,True,,1.36,5.5,7.5,2425-E0.csv,199
understat:26801,EPL,2024/25,2025-01-06,Wolverhampton Wanderers,Nottingham Forest,MATCHED,True,True,,3.9,3.5,1.95,2425-E0.csv,200
understat:26803,EPL,2024/25,2025-01-14,Brentford,Manchester City,MATCHED,True,True,,5.25,4.2,1.6,2425-E0.csv,201
understat:26808,EPL,2024/25,2025-01-14,West Ham,Fulham,MATCHED,True,True,,3.0,3.3,2.35,2425-E0.csv,203
understat:26809,EPL,2024/25,2025-01-14,Chelsea,Bournemouth,MATCHED,True,True,,1.5,4.75,5.25,2425-E0.csv,202
understat:26807,EPL,2024/25,2025-01-14,Nottingham Forest,Liverpool,MATCHED,True,True,,5.25,4.1,1.62,2425-E0.csv,204
understat:26804,EPL,2024/25,2025-01-15,Everton,Aston Villa,MATCHED,True,True,,3.4,3.1,2.25,2425-E0.csv,205
understat:26806,EPL,2024/25,2025-01-15,Leicester,Crystal Palace,MATCHED,True,True,,3.8,3.7,1.91,2425-E0.csv,206
understat:26810,EPL,2024/25,2025-01-15,Newcastle United,Wolverhampton Wanderers,MATCHED,True,True,,1.36,5.0,7.5,2425-E0.csv,207
understat:26802,EPL,2024/25,2025-01-15,Arsenal,Tottenham,MATCHED,True,True,,1.36,5.5,7.5,2425-E0.csv,208
understat:26805,EPL,2024/25,2025-01-16,Ipswich,Brighton,MATCHED,True,True,,3.7,3.6,1.95,2425-E0.csv,209
understat:26811,EPL,2024/25,2025-01-16,Manchester United,Southampton,MATCHED,True,True,,1.27,6.0,10.0,2425-E0.csv,210
understat:26819,EPL,2024/25,2025-01-18,Newcastle United,Bournemouth,MATCHED,True,True,,1.65,4.2,5.0,2425-E0.csv,211
understat:26813,EPL,2024/25,2025-01-18,Brentford,Liverpool,MATCHED,True,True,,5.75,5.0,1.48,2425-E0.csv,212
understat:26817,EPL,2024/25,2025-01-18,Leicester,Fulham,MATCHED,True,True,,4.5,3.7,1.8,2425-E0.csv,213
understat:26821,EPL,2024/25,2025-01-18,West Ham,Crystal Palace,MATCHED,True,True,,2.75,3.3,2.55,2425-E0.csv,214
understat:26812,EPL,2024/25,2025-01-18,Arsenal,Aston Villa,MATCHED,True,True,,1.53,4.1,6.25,2425-E0.csv,215
understat:26815,EPL,2024/25,2025-01-19,Everton,Tottenham,MATCHED,True,True,,2.5,3.3,2.8,2425-E0.csv,216
understat:26818,EPL,2024/25,2025-01-19,Manchester United,Brighton,MATCHED,True,True,,2.25,3.4,3.1,2425-E0.csv,217
understat:26820,EPL,2024/25,2025-01-19,Nottingham Forest,Southampton,MATCHED,True,True,,1.38,4.75,8.0,2425-E0.csv,218
understat:26816,EPL,2024/25,2025-01-19,Ipswich,Manchester City,MATCHED,True,True,,7.0,5.0,1.4,2425-E0.csv,219
understat:26814,EPL,2024/25,2025-01-20,Chelsea,Wolverhampton Wanderers,MATCHED,True,True,,1.45,5.0,6.25,2425-E0.csv,220
understat:26822,EPL,2024/25,2025-01-25,Bournemouth,Nottingham Forest,MATCHED,True,True,,1.91,3.7,3.8,2425-E0.csv,221
understat:26824,EPL,2024/25,2025-01-25,Brighton,Everton,MATCHED,True,True,,1.73,3.6,5.25,2425-E0.csv,222
understat:26827,EPL,2024/25,2025-01-25,Liverpool,Ipswich,MATCHED,True,True,,1.11,11.0,15.0,2425-E0.csv,223
understat:26829,EPL,2024/25,2025-01-25,Southampton,Newcastle United,MATCHED,True,True,,6.5,4.75,1.44,2425-E0.csv,224
understat:26831,EPL,2024/25,2025-01-25,Wolverhampton Wanderers,Arsenal,MATCHED,True,True,,5.75,4.0,1.6,2425-E0.csv,225
understat:26828,EPL,2024/25,2025-01-25,Manchester City,Chelsea,MATCHED,True,True,,2.38,3.7,2.7,2425-E0.csv,226
understat:26825,EPL,2024/25,2025-01-26,Crystal Palace,Brentford,MATCHED,True,True,,1.95,3.75,3.6,2425-E0.csv,227
understat:26830,EPL,2024/25,2025-01-26,Tottenham,Leicester,MATCHED,True,True,,1.5,4.75,5.5,2425-E0.csv,228
understat:26823,EPL,2024/25,2025-01-26,Aston Villa,West Ham,MATCHED,True,True,,1.45,4.75,6.25,2425-E0.csv,229
understat:26826,EPL,2024/25,2025-01-26,Fulham,Manchester United,MATCHED,True,True,,2.35,3.4,3.1,2425-E0.csv,230
understat:26840,EPL,2024/25,2025-02-01,Nottingham Forest,Brighton,MATCHED,True,True,,2.63,3.3,2.7,2425-E0.csv,231
understat:26832,EPL,2024/25,2025-02-01,Bournemouth,Liverpool,MATCHED,True,True,,4.33,4.2,1.7,2425-E0.csv,232
understat:26836,EPL,2024/25,2025-02-01,Everton,Leicester,MATCHED,True,True,,1.95,3.4,4.1,2425-E0.csv,233
understat:26837,EPL,2024/25,2025-02-01,Ipswich,Southampton,MATCHED,True,True,,1.9,3.6,3.9,2425-E0.csv,234
understat:26839,EPL,2024/25,2025-02-01,Newcastle United,Fulham,MATCHED,True,True,,1.7,3.9,4.75,2425-E0.csv,235
understat:26841,EPL,2024/25,2025-02-01,Wolverhampton Wanderers,Aston Villa,MATCHED,True,True,,3.2,3.4,2.2,2425-E0.csv,236
understat:26834,EPL,2024/25,2025-02-02,Brentford,Tottenham,MATCHED,True,True,,1.91,4.0,3.5,2425-E0.csv,237
understat:26838,EPL,2024/25,2025-02-02,Manchester United,Crystal Palace,MATCHED,True,True,,1.75,3.6,4.75,2425-E0.csv,238
understat:26833,EPL,2024/25,2025-02-02,Arsenal,Manchester City,MATCHED,True,True,,1.9,3.8,3.8,2425-E0.csv,239
understat:26835,EPL,2024/25,2025-02-03,Chelsea,West Ham,MATCHED,True,True,,1.27,6.0,9.5,2425-E0.csv,240
understat:26748,EPL,2024/25,2025-02-12,Everton,Liverpool,MATCHED,True,True,,7.0,4.33,1.45,2425-E0.csv,241
understat:26843,EPL,2024/25,2025-02-14,Brighton,Chelsea,MATCHED,True,True,,2.9,3.7,2.3,2425-E0.csv,242
understat:26846,EPL,2024/25,2025-02-15,Leicester,Arsenal,MATCHED,True,True,,9.5,5.25,1.33,2425-E0.csv,243
understat:26842,EPL,2024/25,2025-02-15,Aston Villa,Ipswich,MATCHED,True,True,,1.42,4.75,7.0,2425-E0.csv,244
understat:26845,EPL,2024/25,2025-02-15,Fulham,Nottingham Forest,MATCHED,True,True,,2.1,3.4,3.5,2425-E0.csv,245
understat:26848,EPL,2024/25,2025-02-15,Manchester City,Newcastle United,MATCHED,True,True,,2.05,3.9,3.2,2425-E0.csv,246
understat:26849,EPL,2024/25,2025-02-15,Southampton,Bournemouth,MATCHED,True,True,,6.25,4.5,1.48,2425-E0.csv,247
understat:26851,EPL,2024/25,2025-02-15,West Ham,Brentford,MATCHED,True,True,,2.35,3.6,2.88,2425-E0.csv,248
understat:26844,EPL,2024/25,2025-02-15,Crystal Palace,Everton,MATCHED,True,True,,1.95,3.1,4.5,2425-E0.csv,249
understat:26847,EPL,2024/25,2025-02-16,Liverpool,Wolverhampton Wanderers,MATCHED,True,True,,1.22,7.0,11.0,2425-E0.csv,250
understat:26850,EPL,2024/25,2025-02-16,Tottenham,Manchester United,MATCHED,True,True,,2.15,3.8,3.1,2425-E0.csv,251
understat:26884,EPL,2024/25,2025-02-19,Aston Villa,Liverpool,MATCHED,True,True,,3.75,4.0,1.85,2425-E0.csv,252
understat:26858,EPL,2024/25,2025-02-21,Leicester,Brentford,MATCHED,True,True,,3.5,3.8,1.95,2425-E0.csv,253
understat:26855,EPL,2024/25,2025-02-22,Everton,Manchester United,MATCHED,True,True,,2.63,3.0,2.88,2425-E0.csv,254
understat:26852,EPL,2024/25,2025-02-22,Bournemouth,Wolverhampton Wanderers,MATCHED,True,True,,1.62,4.1,5.0,2425-E0.csv,256
understat:26853,EPL,2024/25,2025-02-22,Arsenal,West Ham,MATCHED,True,True,,1.27,5.75,11.0,2425-E0.csv,255
understat:26856,EPL,2024/25,2025-02-22,Fulham,Crystal Palace,MATCHED,True,True,,2.1,3.4,3.6,2425-E0.csv,257
understat:26857,EPL,2024/25,2025-02-22,Ipswich,Tottenham,MATCHED,True,True,,3.3,3.75,2.05,2425-E0.csv,258
understat:26861,EPL,2024/25,2025-02-22,Southampton,Brighton,MATCHED,True,True,,5.25,4.33,1.53,2425-E0.csv,259
understat:26854,EPL,2024/25,2025-02-22,Aston Villa,Chelsea,MATCHED,True,True,,2.6,3.3,2.63,2425-E0.csv,260
understat:26860,EPL,2024/25,2025-02-23,Newcastle United,Nottingham Forest,MATCHED,True,True,,1.9,3.8,3.75,2425-E0.csv,261
understat:26859,EPL,2024/25,2025-02-23,Manchester City,Liverpool,MATCHED,True,True,,3.0,3.8,2.2,2425-E0.csv,262
understat:26863,EPL,2024/25,2025-02-25,Brighton,Bournemouth,MATCHED,True,True,,1.95,3.8,3.6,2425-E0.csv,263
understat:26867,EPL,2024/25,2025-02-25,Wolverhampton Wanderers,Fulham,MATCHED,True,True,,2.35,3.3,2.9,2425-E0.csv,265
understat:26868,EPL,2024/25,2025-02-25,Crystal Palace,Aston Villa,MATCHED,True,True,,2.2,3.5,3.1,2425-E0.csv,264
understat:26869,EPL,2024/25,2025-02-25,Chelsea,Southampton,MATCHED,True,True,,1.17,8.0,15.0,2425-E0.csv,266
understat:26862,EPL,2024/25,2025-02-26,Brentford,Everton,MATCHED,True,True,,1.95,3.6,3.5,2425-E0.csv,267
understat:26864,EPL,2024/25,2025-02-26,Nottingham Forest,Arsenal,MATCHED,True,True,,4.2,3.4,1.91,2425-E0.csv,269
understat:26865,EPL,2024/25,2025-02-26,Tottenham,Manchester City,MATCHED,True,True,,3.8,4.2,1.8,2425-E0.csv,270
understat:26871,EPL,2024/25,2025-02-26,Manchester United,Ipswich,MATCHED,True,True,,1.48,4.5,6.25,2425-E0.csv,268
understat:26870,EPL,2024/25,2025-02-26,Liverpool,Newcastle United,MATCHED,True,True,,1.36,5.25,7.5,2425-E0.csv,271
understat:26866,EPL,2024/25,2025-02-27,West Ham,Leicester,MATCHED,True,True,,1.75,3.7,4.5,2425-E0.csv,272
understat:26878,EPL,2024/25,2025-03-08,Nottingham Forest,Manchester City,MATCHED,True,True,,3.8,3.8,1.91,2425-E0.csv,273
understat:26873,EPL,2024/25,2025-03-08,Brighton,Fulham,MATCHED,True,True,,1.95,3.6,3.75,2425-E0.csv,274
understat:26875,EPL,2024/25,2025-03-08,Crystal Palace,Ipswich,MATCHED,True,True,,1.53,4.1,6.25,2425-E0.csv,275
understat:26876,EPL,2024/25,2025-03-08,Liverpool,Southampton,MATCHED,True,True,,1.1,10.0,21.0,2425-E0.csv,276
understat:26872,EPL,2024/25,2025-03-08,Brentford,Aston Villa,MATCHED,True,True,,2.15,3.8,3.1,2425-E0.csv,277
understat:26881,EPL,2024/25,2025-03-08,Wolverhampton Wanderers,Everton,MATCHED,True,True,,2.8,3.0,2.8,2425-E0.csv,278
understat:26874,EPL,2024/25,2025-03-09,Chelsea,Leicester,MATCHED,True,True,,1.22,7.0,10.0,2425-E0.csv,279
understat:26879,EPL,2024/25,2025-03-09,Tottenham,Bournemouth,MATCHED,True,True,,2.8,3.75,2.35,2425-E0.csv,280
understat:26877,EPL,2024/25,2025-03-09,Manchester United,Arsenal,MATCHED,True,True,,5.0,3.6,1.75,2425-E0.csv,281
understat:26880,EPL,2024/25,2025-03-10,West Ham,Newcastle United,MATCHED,True,True,,3.3,3.4,2.2,2425-E0.csv,282
understat:26885,EPL,2024/25,2025-03-15,Everton,West Ham,MATCHED,True,True,,2.05,3.2,3.9,2425-E0.csv,283
understat:26887,EPL,2024/25,2025-03-15,Ipswich,Nottingham Forest,MATCHED,True,True,,3.9,3.5,1.95,2425-E0.csv,284
understat:26889,EPL,2024/25,2025-03-15,Manchester City,Brighton,MATCHED,True,True,,1.8,4.1,3.9,2425-E0.csv,285
understat:26891,EPL,2024/25,2025-03-15,Southampton,Wolverhampton Wanderers,MATCHED,True,True,,3.9,3.25,2.0,2425-E0.csv,286
understat:26882,EPL,2024/25,2025-03-15,Bournemouth,Brentford,MATCHED,True,True,,1.73,4.2,4.1,2425-E0.csv,287
understat:26883,EPL,2024/25,2025-03-16,Arsenal,Chelsea,MATCHED,True,True,,1.7,3.6,5.25,2425-E0.csv,288
understat:26886,EPL,2024/25,2025-03-16,Fulham,Tottenham,MATCHED,True,True,,1.8,3.9,4.1,2425-E0.csv,289
understat:26888,EPL,2024/25,2025-03-16,Leicester,Manchester United,MATCHED,True,True,,4.5,3.7,1.8,2425-E0.csv,290
understat:26892,EPL,2024/25,2025-04-01,Arsenal,Fulham,MATCHED,True,True,,1.5,4.1,7.0,2425-E0.csv,291
understat:26895,EPL,2024/25,2025-04-01,Wolverhampton Wanderers,West Ham,MATCHED,True,True,,2.3,3.2,3.25,2425-E0.csv,292
understat:26894,EPL,2024/25,2025-04-01,Nottingham Forest,Manchester United,MATCHED,True,True,,2.3,3.3,3.2,2425-E0.csv,293
understat:26893,EPL,2024/25,2025-04-02,Brighton,Aston Villa,MATCHED,True,True,,2.3,3.4,3.0,2425-E0.csv,295
understat:26896,EPL,2024/25,2025-04-02,Bournemouth,Ipswich,MATCHED,True,True,,1.4,5.0,7.5,2425-E0.csv,294
understat:26898,EPL,2024/25,2025-04-02,Manchester City,Leicester,MATCHED,True,True,,1.2,7.5,12.0,2425-E0.csv,296
understat:26899,EPL,2024/25,2025-04-02,Newcastle United,Brentford,MATCHED,True,True,,1.65,4.2,4.75,2425-E0.csv,297
understat:26900,EPL,2024/25,2025-04-02,Southampton,Crystal Palace,MATCHED,True,True,,5.5,4.0,1.6,2425-E0.csv,298
understat:26901,EPL,2024/25,2025-04-02,Liverpool,Everton,MATCHED,True,True,,1.48,4.33,6.5,2425-E0.csv,299
understat:26897,EPL,2024/25,2025-04-03,Chelsea,Tottenham,MATCHED,True,True,,1.67,4.33,4.33,2425-E0.csv,300
understat:26905,EPL,2024/25,2025-04-05,Everton,Arsenal,MATCHED,True,True,,3.9,3.2,2.1,2425-E0.csv,301
understat:26904,EPL,2024/25,2025-04-05,Crystal Palace,Brighton,MATCHED,True,True,,2.5,3.5,2.7,2425-E0.csv,302
understat:26907,EPL,2024/25,2025-04-05,Ipswich,Wolverhampton Wanderers,MATCHED,True,True,,2.75,3.2,2.63,2425-E0.csv,303
understat:26911,EPL,2024/25,2025-04-05,West Ham,Bournemouth,MATCHED,True,True,,2.9,3.5,2.38,2425-E0.csv,304
understat:26902,EPL,2024/25,2025-04-05,Aston Villa,Nottingham Forest,MATCHED,True,True,,2.1,3.3,3.4,2425-E0.csv,305
understat:26903,EPL,2024/25,2025-04-06,Brentford,Chelsea,MATCHED,True,True,,2.9,3.5,2.35,2425-E0.csv,306
understat:26906,EPL,2024/25,2025-04-06,Fulham,Liverpool,MATCHED,True,True,,4.2,3.4,1.91,2425-E0.csv,307
understat:26910,EPL,2024/25,2025-04-06,Tottenham,Southampton,MATCHED,True,True,,1.36,5.5,7.0,2425-E0.csv,308
understat:26909,EPL,2024/25,2025-04-06,Manchester United,Manchester City,MATCHED,True,True,,3.4,3.6,2.05,2425-E0.csv,309
understat:26908,EPL,2024/25,2025-04-07,Leicester,Newcastle United,MATCHED,True,True,,6.5,4.5,1.45,2425-E0.csv,310
understat:26917,EPL,2024/25,2025-04-12,Manchester City,Crystal Palace,MATCHED,True,True,,1.62,4.2,5.0,2425-E0.csv,311
understat:26914,EPL,2024/25,2025-04-12,Brighton,Leicester,MATCHED,True,True,,1.29,6.0,9.0,2425-E0.csv,312
understat:26920,EPL,2024/25,2025-04-12,Nottingham Forest,Everton,MATCHED,True,True,,1.91,3.3,4.1,2425-E0.csv,313
understat:26921,EPL,2024/25,2025-04-12,Southampton,Aston Villa,MATCHED,True,True,,6.25,4.33,1.5,2425-E0.csv,314
understat:26913,EPL,2024/25,2025-04-12,Arsenal,Brentford,MATCHED,True,True,,1.6,4.33,5.0,2425-E0.csv,315
understat:26915,EPL,2024/25,2025-04-13,Chelsea,Ipswich,MATCHED,True,True,,1.17,7.5,12.0,2425-E0.csv,316
understat:26916,EPL,2024/25,2025-04-13,Liverpool,West Ham,MATCHED,True,True,,1.25,5.5,11.0,2425-E0.csv,317
understat:26919,EPL,2024/25,2025-04-13,Wolverhampton Wanderers,Tottenham,MATCHED,True,True,,2.2,3.6,3.1,2425-E0.csv,318
understat:26918,EPL,2024/25,2025-04-13,Newcastle United,Manchester United,MATCHED,True,True,,1.6,4.33,5.25,2425-E0.csv,319
understat:26912,EPL,2024/25,2025-04-14,Bournemouth,Fulham,MATCHED,True,True,,2.2,3.3,3.4,2425-E0.csv,320
understat:26890,EPL,2024/25,2025-04-16,Newcastle United,Crystal Palace,MATCHED,True,True,,1.65,3.9,5.0,2425-E0.csv,321
understat:26923,EPL,2024/25,2025-04-19,Brentford,Brighton,MATCHED,True,True,,2.6,3.5,2.55,2425-E0.csv,322
understat:26924,EPL,2024/25,2025-04-19,Crystal Palace,Bournemouth,MATCHED,True,True,,2.5,3.5,2.7,2425-E0.csv,323
understat:26925,EPL,2024/25,2025-04-19,Everton,Manchester City,MATCHED,True,True,,4.0,3.6,1.9,2425-E0.csv,324
understat:26931,EPL,2024/25,2025-04-19,West Ham,Southampton,MATCHED,True,True,,1.62,4.2,5.0,2425-E0.csv,325
understat:26922,EPL,2024/25,2025-04-19,Aston Villa,Newcastle United,MATCHED,True,True,,2.55,3.7,2.6,2425-E0.csv,326
understat:26926,EPL,2024/25,2025-04-20,Fulham,Chelsea,MATCHED,True,True,,3.1,3.6,2.25,2425-E0.csv,327
understat:26927,EPL,2024/25,2025-04-20,Ipswich,Arsenal,MATCHED,True,True,,9.5,5.0,1.36,2425-E0.csv,328
understat:26929,EPL,2024/25,2025-04-20,Manchester United,Wolverhampton Wanderers,MATCHED,True,True,,2.55,3.5,2.7,2425-E0.csv,329
understat:26928,EPL,2024/25,2025-04-20,Leicester,Liverpool,MATCHED,True,True,,10.0,6.5,1.22,2425-E0.csv,330
understat:26930,EPL,2024/25,2025-04-21,Tottenham,Nottingham Forest,MATCHED,True,True,,2.3,3.5,3.0,2425-E0.csv,331
understat:26937,EPL,2024/25,2025-04-22,Manchester City,Aston Villa,MATCHED,True,True,,1.85,3.9,3.75,2425-E0.csv,332
understat:26933,EPL,2024/25,2025-04-23,Arsenal,Crystal Palace,MATCHED,True,True,,1.4,4.5,8.0,2425-E0.csv,333
understat:26935,EPL,2024/25,2025-04-26,Chelsea,Everton,MATCHED,True,True,,1.42,4.75,7.0,2425-E0.csv,334
understat:26934,EPL,2024/25,2025-04-26,Brighton,West Ham,MATCHED,True,True,,1.75,4.0,4.2,2425-E0.csv,335
understat:26938,EPL,2024/25,2025-04-26,Newcastle United,Ipswich,MATCHED,True,True,,1.2,7.0,13.0,2425-E0.csv,336
understat:26940,EPL,2024/25,2025-04-26,Southampton,Fulham,MATCHED,True,True,,5.0,4.0,1.65,2425-E0.csv,337
understat:26941,EPL,2024/25,2025-04-26,Wolverhampton Wanderers,Leicester,MATCHED,True,True,,1.53,4.2,6.0,2425-E0.csv,338
understat:26932,EPL,2024/25,2025-04-27,Bournemouth,Manchester United,MATCHED,True,True,,1.91,3.8,3.7,2425-E0.csv,339
understat:26936,EPL,2024/25,2025-04-27,Liverpool,Tottenham,MATCHED,True,True,,1.2,7.0,13.0,2425-E0.csv,340
understat:26939,EPL,2024/25,2025-05-01,Nottingham Forest,Brentford,MATCHED,True,True,,2.3,3.5,3.0,2425-E0.csv,341
understat:26942,EPL,2024/25,2025-05-02,Manchester City,Wolverhampton Wanderers,MATCHED,True,True,,1.33,5.25,9.0,2425-E0.csv,342
understat:26946,EPL,2024/25,2025-05-03,Aston Villa,Fulham,MATCHED,True,True,,1.85,3.75,4.0,2425-E0.csv,343
understat:26950,EPL,2024/25,2025-05-03,Everton,Ipswich,MATCHED,True,True,,1.55,4.33,5.75,2425-E0.csv,344
understat:26951,EPL,2024/25,2025-05-03,Leicester,Southampton,MATCHED,True,True,,2.35,3.6,2.88,2425-E0.csv,345
understat:26945,EPL,2024/25,2025-05-03,Arsenal,Bournemouth,MATCHED,True,True,,1.67,4.0,4.75,2425-E0.csv,346
understat:26943,EPL,2024/25,2025-05-04,West Ham,Tottenham,MATCHED,True,True,,1.83,3.9,4.0,2425-E0.csv,349
understat:26944,EPL,2024/25,2025-05-04,Brighton,Newcastle United,MATCHED,True,True,,3.1,3.7,2.15,2425-E0.csv,348
understat:26947,EPL,2024/25,2025-05-04,Brentford,Manchester United,MATCHED,True,True,,1.62,4.33,4.75,2425-E0.csv,347
understat:26948,EPL,2024/25,2025-05-04,Chelsea,Liverpool,MATCHED,True,True,,2.3,3.6,2.8,2425-E0.csv,350
understat:26949,EPL,2024/25,2025-05-05,Crystal Palace,Nottingham Forest,MATCHED,True,True,,2.15,3.4,3.4,2425-E0.csv,351
understat:26953,EPL,2024/25,2025-05-10,Fulham,Everton,MATCHED,True,True,,1.75,3.6,5.0,2425-E0.csv,352
understat:26954,EPL,2024/25,2025-05-10,Ipswich,Brentford,MATCHED,True,True,,5.75,4.5,1.5,2425-E0.csv,353
understat:26959,EPL,2024/25,2025-05-10,Southampton,Manchester City,MATCHED,True,True,,13.0,7.0,1.2,2425-E0.csv,354
understat:26961,EPL,2024/25,2025-05-10,Wolverhampton Wanderers,Brighton,MATCHED,True,True,,2.9,3.4,2.35,2425-E0.csv,355
understat:26955,EPL,2024/25,2025-05-10,Bournemouth,Aston Villa,MATCHED,True,True,,2.55,3.5,2.63,2425-E0.csv,356
understat:26957,EPL,2024/25,2025-05-11,Newcastle United,Chelsea,MATCHED,True,True,,2.2,3.75,3.0,2425-E0.csv,357
understat:26956,EPL,2024/25,2025-05-11,Manchester United,West Ham,MATCHED,True,True,,2.0,3.7,3.5,2425-E0.csv,358
understat:26958,EPL,2024/25,2025-05-11,Nottingham Forest,Leicester,MATCHED,True,True,,1.4,5.0,7.0,2425-E0.csv,359
understat:26960,EPL,2024/25,2025-05-11,Tottenham,Crystal Palace,MATCHED,True,True,,3.1,3.6,2.2,2425-E0.csv,360
understat:26952,EPL,2024/25,2025-05-11,Liverpool,Arsenal,MATCHED,True,True,,2.2,3.6,3.1,2425-E0.csv,361
understat:26963,EPL,2024/25,2025-05-16,Aston Villa,Tottenham,MATCHED,True,True,,1.25,6.5,9.5,2425-E0.csv,362
understat:26966,EPL,2024/25,2025-05-16,Chelsea,Manchester United,MATCHED,True,True,,1.55,4.5,5.25,2425-E0.csv,363
understat:26968,EPL,2024/25,2025-05-18,Everton,Southampton,MATCHED,True,True,,1.4,4.75,7.0,2425-E0.csv,364
understat:26971,EPL,2024/25,2025-05-18,West Ham,Nottingham Forest,MATCHED,True,True,,2.9,3.4,2.4,2425-E0.csv,365
understat:26964,EPL,2024/25,2025-05-18,Brentford,Fulham,MATCHED,True,True,,2.0,3.8,3.4,2425-E0.csv,366
understat:26969,EPL,2024/25,2025-05-18,Leicester,Ipswich,MATCHED,True,True,,2.2,3.7,3.0,2425-E0.csv,367
understat:26962,EPL,2024/25,2025-05-18,Arsenal,Newcastle United,MATCHED,True,True,,1.91,3.7,3.8,2425-E0.csv,368
understat:26965,EPL,2024/25,2025-05-19,Brighton,Liverpool,MATCHED,True,True,,2.15,3.8,3.0,2425-E0.csv,369
understat:26967,EPL,2024/25,2025-05-20,Crystal Palace,Wolverhampton Wanderers,MATCHED,True,True,,2.35,3.3,3.1,2425-E0.csv,370
understat:26970,EPL,2024/25,2025-05-20,Manchester City,Bournemouth,MATCHED,True,True,,1.33,5.5,8.0,2425-E0.csv,371
understat:26972,EPL,2024/25,2025-05-25,Nottingham Forest,Chelsea,MATCHED,True,True,,3.4,3.75,2.0,2425-E0.csv,378
understat:26973,EPL,2024/25,2025-05-25,Newcastle United,Everton,MATCHED,True,True,,1.29,6.0,9.5,2425-E0.csv,377
understat:26974,EPL,2024/25,2025-05-25,Manchester United,Aston Villa,MATCHED,True,True,,4.5,4.33,1.67,2425-E0.csv,376
understat:26975,EPL,2024/25,2025-05-25,Liverpool,Crystal Palace,MATCHED,True,True,,1.36,6.0,6.0,2425-E0.csv,375
understat:26976,EPL,2024/25,2025-05-25,Tottenham,Brighton,MATCHED,True,True,,3.7,4.0,1.85,2425-E0.csv,380
understat:26977,EPL,2024/25,2025-05-25,Southampton,Arsenal,MATCHED,True,True,,12.0,6.0,1.25,2425-E0.csv,379
understat:26978,EPL,2024/25,2025-05-25,Wolverhampton Wanderers,Brentford,MATCHED,True,True,,2.9,3.7,2.25,2425-E0.csv,381
understat:26979,EPL,2024/25,2025-05-25,Bournemouth,Leicester,MATCHED,True,True,,1.33,5.5,8.0,2425-E0.csv,372
understat:26980,EPL,2024/25,2025-05-25,Ipswich,West Ham,MATCHED,True,True,,3.2,3.5,2.2,2425-E0.csv,374
understat:26981,EPL,2024/25,2025-05-25,Fulham,Manchester City,MATCHED,True,True,,5.75,4.5,1.5,2425-E0.csv,373
understat:28778,EPL,2025/26,2025-08-15,Liverpool,Bournemouth,MATCHED,True,True,,1.29,6.25,9.0,2526-E0.csv,2
understat:28779,EPL,2025/26,2025-08-16,Aston Villa,Newcastle United,MATCHED,True,True,,2.45,3.4,2.8,2526-E0.csv,3
understat:28780,EPL,2025/26,2025-08-16,Brighton,Fulham,MATCHED,True,True,,1.8,3.7,4.33,2526-E0.csv,4
understat:28781,EPL,2025/26,2025-08-16,Sunderland,West Ham,MATCHED,True,True,,3.4,3.2,2.25,2526-E0.csv,5
understat:28782,EPL,2025/26,2025-08-16,Tottenham,Burnley,MATCHED,True,True,,1.55,3.9,6.25,2526-E0.csv,6
understat:28783,EPL,2025/26,2025-08-16,Wolverhampton Wanderers,Manchester City,MATCHED,True,True,,6.25,4.2,1.53,2526-E0.csv,7
understat:28784,EPL,2025/26,2025-08-17,Chelsea,Crystal Palace,MATCHED,True,True,,1.8,3.75,4.33,2526-E0.csv,8
understat:28785,EPL,2025/26,2025-08-17,Nottingham Forest,Brentford,MATCHED,True,True,,1.9,3.5,4.2,2526-E0.csv,9
understat:28786,EPL,2025/26,2025-08-17,Manchester United,Arsenal,MATCHED,True,True,,3.8,3.7,1.91,2526-E0.csv,10
understat:28787,EPL,2025/26,2025-08-18,Leeds,Everton,MATCHED,True,True,,2.35,3.25,3.1,2526-E0.csv,11
understat:28788,EPL,2025/26,2025-08-22,West Ham,Chelsea,MATCHED,True,True,,4.5,3.8,1.75,2526-E0.csv,12
understat:28789,EPL,2025/26,2025-08-23,Manchester City,Tottenham,MATCHED,True,True,,1.55,4.33,5.25,2526-E0.csv,13
understat:28790,EPL,2025/26,2025-08-23,Brentford,Aston Villa,MATCHED,True,True,,3.4,3.5,2.1,2526-E0.csv,15
understat:28791,EPL,2025/26,2025-08-23,Burnley,Sunderland,MATCHED,True,True,,2.35,3.2,3.2,2526-E0.csv,16
understat:28792,EPL,2025/26,2025-08-23,Bournemouth,Wolverhampton Wanderers,MATCHED,True,True,,1.8,3.7,4.33,2526-E0.csv,14
understat:28793,EPL,2025/26,2025-08-23,Arsenal,Leeds,MATCHED,True,True,,1.33,5.5,8.5,2526-E0.csv,17
understat:28794,EPL,2025/26,2025-08-24,Crystal Palace,Nottingham Forest,MATCHED,True,True,,2.35,3.25,3.1,2526-E0.csv,18
understat:28795,EPL,2025/26,2025-08-24,Everton,Brighton,MATCHED,True,True,,2.88,3.3,2.45,2526-E0.csv,19
understat:28796,EPL,2025/26,2025-08-24,Fulham,Manchester United,MATCHED,True,True,,3.4,3.6,2.05,2526-E0.csv,20
understat:28797,EPL,2025/26,2025-08-25,Newcastle United,Liverpool,MATCHED,True,True,,2.9,3.6,2.3,2526-E0.csv,21
understat:28798,EPL,2025/26,2025-08-30,Chelsea,Fulham,MATCHED,True,True,,1.67,3.9,4.75,2526-E0.csv,22
understat:28799,EPL,2025/26,2025-08-30,Tottenham,Bournemouth,MATCHED,True,True,,1.91,3.75,3.75,2526-E0.csv,25
understat:28800,EPL,2025/26,2025-08-30,Wolverhampton Wanderers,Everton,MATCHED,True,True,,3.4,3.2,2.25,2526-E0.csv,26
understat:28801,EPL,2025/26,2025-08-30,Sunderland,Brentford,MATCHED,True,True,,3.1,3.3,2.3,2526-E0.csv,24
understat:28802,EPL,2025/26,2025-08-30,Manchester United,Burnley,MATCHED,True,True,,1.4,5.25,7.0,2526-E0.csv,23
understat:28803,EPL,2025/26,2025-08-30,Leeds,Newcastle United,MATCHED,True,True,,3.9,3.4,2.0,2526-E0.csv,27
understat:28804,EPL,2025/26,2025-08-31,Nottingham Forest,West Ham,MATCHED,True,True,,1.62,4.0,5.0,2526-E0.csv,29
understat:28805,EPL,2025/26,2025-08-31,Brighton,Manchester City,MATCHED,True,True,,3.6,3.6,2.0,2526-E0.csv,28
understat:28806,EPL,2025/26,2025-08-31,Liverpool,Arsenal,MATCHED,True,True,,2.38,3.4,3.0,2526-E0.csv,30
understat:28807,EPL,2025/26,2025-08-31,Aston Villa,Crystal Palace,MATCHED,True,True,,2.15,3.6,3.2,2526-E0.csv,31
understat:28808,EPL,2025/26,2025-09-13,Arsenal,Nottingham Forest,MATCHED,True,True,,1.4,4.75,7.5,2526-E0.csv,32
understat:28809,EPL,2025/26,2025-09-13,Newcastle United,Wolverhampton Wanderers,MATCHED,True,True,,1.36,5.0,8.5,2526-E0.csv,37
understat:28810,EPL,2025/26,2025-09-13,Bournemouth,Brighton,MATCHED,True,True,,2.35,3.5,2.9,2526-E0.csv,33
understat:28811,EPL,2025/26,2025-09-13,Crystal Palace,Sunderland,MATCHED,True,True,,1.67,3.6,5.5,2526-E0.csv,34
understat:28812,EPL,2025/26,2025-09-13,Everton,Aston Villa,MATCHED,True,True,,2.7,3.1,2.8,2526-E0.csv,35
understat:28813,EPL,2025/26,2025-09-13,Fulham,Leeds,MATCHED,True,True,,2.0,3.4,3.75,2526-E0.csv,36
understat:28814,EPL,2025/26,2025-09-13,West Ham,Tottenham,MATCHED,True,True,,3.1,3.5,2.2,2526-E0.csv,38
understat:28815,EPL,2025/26,2025-09-13,Brentford,Chelsea,MATCHED,True,True,,4.2,3.75,1.83,2526-E0.csv,39
understat:28816,EPL,2025/26,2025-09-14,Burnley,Liverpool,MATCHED,True,True,,9.0,5.75,1.3,2526-E0.csv,40
understat:28817,EPL,2025/26,2025-09-14,Manchester City,Manchester United,MATCHED,True,True,,1.62,4.2,4.75,2526-E0.csv,41
understat:28818,EPL,2025/26,2025-09-20,Liverpool,Everton,MATCHED,True,True,,1.5,4.33,6.25,2526-E0.csv,42
understat:28819,EPL,2025/26,2025-09-20,West Ham,Crystal Palace,MATCHED,True,True,,3.1,3.5,2.25,2526-E0.csv,45
understat:28820,EPL,2025/26,2025-09-20,Wolverhampton Wanderers,Leeds,MATCHED,True,True,,3.1,3.1,2.45,2526-E0.csv,46
understat:28821,EPL,2025/26,2025-09-20,Brighton,Tottenham,MATCHED,True,True,,2.1,3.6,3.3,2526-E0.csv,43
understat:28822,EPL,2025/26,2025-09-20,Burnley,Nottingham Forest,MATCHED,True,True,,3.5,3.3,2.15,2526-E0.csv,44
understat:28824,EPL,2025/26,2025-09-20,Manchester United,Chelsea,MATCHED,True,True,,2.55,3.75,2.5,2526-E0.csv,47
understat:28825,EPL,2025/26,2025-09-20,Fulham,Brentford,MATCHED,True,True,,2.1,3.25,3.6,2526-E0.csv,48
understat:28823,EPL,2025/26,2025-09-21,Bournemouth,Newcastle United,MATCHED,True,True,,2.5,3.2,2.9,2526-E0.csv,49
understat:28826,EPL,2025/26,2025-09-21,Sunderland,Aston Villa,MATCHED,True,True,,3.8,3.3,2.0,2526-E0.csv,50
understat:28827,EPL,2025/26,2025-09-21,Arsenal,Manchester City,MATCHED,True,True,,2.0,3.6,3.6,2526-E0.csv,51
understat:28828,EPL,2025/26,2025-09-27,Brentford,Manchester United,MATCHED,True,True,,3.2,3.75,2.1,2526-E0.csv,52
understat:28829,EPL,2025/26,2025-09-27,Chelsea,Brighton,MATCHED,True,True,,2.0,3.75,3.5,2526-E0.csv,53
understat:28830,EPL,2025/26,2025-09-27,Crystal Palace,Liverpool,MATCHED,True,True,,4.2,3.6,1.85,2526-E0.csv,54
understat:28832,EPL,2025/26,2025-09-27,Leeds,Bournemouth,MATCHED,True,True,,3.0,3.2,2.45,2526-E0.csv,55
understat:28833,EPL,2025/26,2025-09-27,Manchester City,Burnley,MATCHED,True,True,,1.17,7.5,15.0,2526-E0.csv,56
understat:28834,EPL,2025/26,2025-09-27,Nottingham Forest,Sunderland,MATCHED,True,True,,1.75,3.8,4.75,2526-E0.csv,57
understat:28835,EPL,2025/26,2025-09-27,Tottenham,Wolverhampton Wanderers,MATCHED,True,True,,1.5,4.2,6.5,2526-E0.csv,58
understat:28831,EPL,2025/26,2025-09-28,Aston Villa,Fulham,MATCHED,True,True,,2.2,3.3,3.4,2526-E0.csv,59
understat:28836,EPL,2025/26,2025-09-28,Newcastle United,Arsenal,MATCHED,True,True,,3.4,3.3,2.15,2526-E0.csv,60
understat:28837,EPL,2025/26,2025-09-29,Everton,West Ham,MATCHED,True,True,,1.62,3.9,5.5,2526-E0.csv,61
understat:28838,EPL,2025/26,2025-10-03,Bournemouth,Fulham,MATCHED,True,True,,1.95,3.4,4.1,2526-E0.csv,62
understat:28844,EPL,2025/26,2025-10-04,Leeds,Tottenham,MATCHED,True,True,,2.8,3.4,2.5,2526-E0.csv,63
understat:28839,EPL,2025/26,2025-10-04,Arsenal,West Ham,MATCHED,True,True,,1.17,8.0,15.0,2526-E0.csv,64
understat:28845,EPL,2025/26,2025-10-04,Manchester United,Sunderland,MATCHED,True,True,,1.62,4.33,5.0,2526-E0.csv,65
understat:28842,EPL,2025/26,2025-10-04,Chelsea,Liverpool,MATCHED,True,True,,2.9,3.6,2.3,2526-E0.csv,66
understat:28840,EPL,2025/26,2025-10-05,Aston Villa,Burnley,MATCHED,True,True,,1.55,4.1,6.0,2526-E0.csv,67
understat:28843,EPL,2025/26,2025-10-05,Everton,Crystal Palace,MATCHED,True,True,,2.6,3.2,2.8,2526-E0.csv,68
understat:28846,EPL,2025/26,2025-10-05,Newcastle United,Nottingham Forest,MATCHED,True,True,,1.5,4.5,6.0,2526-E0.csv,69
understat:28847,EPL,2025/26,2025-10-05,Wolverhampton Wanderers,Brighton,MATCHED,True,True,,3.4,3.6,2.1,2526-E0.csv,70
understat:28841,EPL,2025/26,2025-10-05,Brentford,Manchester City,MATCHED,True,True,,4.75,4.2,1.62,2526-E0.csv,71
understat:28854,EPL,2025/26,2025-10-18,Nottingham Forest,Chelsea,MATCHED,True,True,,3.1,3.5,2.25,2526-E0.csv,72
understat:28848,EPL,2025/26,2025-10-18,Brighton,Newcastle United,MATCHED,True,True,,2.88,3.5,2.35,2526-E0.csv,73
understat:28849,EPL,2025/26,2025-10-18,Burnley,Leeds,MATCHED,True,True,,3.4,3.25,2.15,2526-E0.csv,74
understat:28850,EPL,2025/26,2025-10-18,Crystal Palace,Bournemouth,MATCHED,True,True,,2.15,3.3,3.5,2526-E0.csv,75
understat:28853,EPL,2025/26,2025-10-18,Manchester City,Everton,MATCHED,True,True,,1.42,4.33,8.5,2526-E0.csv,76
understat:28855,EPL,2025/26,2025-10-18,Sunderland,Wolverhampton Wanderers,MATCHED,True,True,,2.5,3.0,3.1,2526-E0.csv,77
understat:28851,EPL,2025/26,2025-10-18,Fulham,Arsenal,MATCHED,True,True,,6.25,4.2,1.5,2526-E0.csv,78
understat:28856,EPL,2025/26,2025-10-19,Tottenham,Aston Villa,MATCHED,True,True,,2.2,3.4,3.1,2526-E0.csv,79
understat:28852,EPL,2025/26,2025-10-19,Liverpool,Manchester United,MATCHED,True,True,,1.7,4.2,4.2,2526-E0.csv,80
understat:28857,EPL,2025/26,2025-10-20,West Ham,Brentford,MATCHED,True,True,,2.8,3.25,2.55,2526-E0.csv,81
understat:28864,EPL,2025/26,2025-10-24,Leeds,West Ham,MATCHED,True,True,,1.8,3.6,4.5,2526-E0.csv,82
understat:28862,EPL,2025/26,2025-10-25,Chelsea,Sunderland,MATCHED,True,True,,1.45,4.5,7.0,2526-E0.csv,83
understat:28866,EPL,2025/26,2025-10-25,Newcastle United,Fulham,MATCHED,True,True,,1.6,4.1,5.75,2526-E0.csv,84
understat:28865,EPL,2025/26,2025-10-25,Manchester United,Brighton,MATCHED,True,True,,1.95,3.8,3.4,2526-E0.csv,85
understat:28861,EPL,2025/26,2025-10-25,Brentford,Liverpool,MATCHED,True,True,,3.9,4.0,1.83,2526-E0.csv,86
understat:28858,EPL,2025/26,2025-10-26,Bournemouth,Nottingham Forest,MATCHED,True,True,,2.0,3.75,3.6,2526-E0.csv,89
understat:28859,EPL,2025/26,2025-10-26,Arsenal,Crystal Palace,MATCHED,True,True,,1.38,5.0,8.0,2526-E0.csv,87
understat:28860,EPL,2025/26,2025-10-26,Aston Villa,Manchester City,MATCHED,True,True,,4.2,3.75,1.83,2526-E0.csv,88
understat:28867,EPL,2025/26,2025-10-26,Wolverhampton Wanderers,Burnley,MATCHED,True,True,,1.91,3.3,4.33,2526-E0.csv,90
understat:28863,EPL,2025/26,2025-10-26,Everton,Tottenham,MATCHED,True,True,,2.2,3.5,3.25,2526-E0.csv,91
understat:28868,EPL,2025/26,2025-11-01,Brighton,Leeds,MATCHED,True,True,,1.91,3.6,3.9,2526-E0.csv,92
understat:28869,EPL,2025/26,2025-11-01,Burnley,Arsenal,MATCHED,True,True,,13.0,6.25,1.22,2526-E0.csv,93
understat:28870,EPL,2025/26,2025-11-01,Crystal Palace,Brentford,MATCHED,True,True,,2.05,3.4,3.5,2526-E0.csv,94
understat:28871,EPL,2025/26,2025-11-01,Fulham,Wolverhampton Wanderers,MATCHED,True,True,,1.73,3.8,4.5,2526-E0.csv,95
understat:28874,EPL,2025/26,2025-11-01,Nottingham Forest,Manchester United,MATCHED,True,True,,3.1,3.8,2.1,2526-E0.csv,96
understat:28876,EPL,2025/26,2025-11-01,Tottenham,Chelsea,MATCHED,True,True,,3.1,3.5,2.25,2526-E0.csv,97
understat:28872,EPL,2025/26,2025-11-01,Liverpool,Aston Villa,MATCHED,True,True,,1.67,4.33,4.33,2526-E0.csv,98
understat:28877,EPL,2025/26,2025-11-02,West Ham,Newcastle United,MATCHED,True,True,,4.75,4.2,1.65,2526-E0.csv,99
understat:28873,EPL,2025/26,2025-11-02,Manchester City,Bournemouth,MATCHED,True,True,,1.42,5.0,7.0,2526-E0.csv,100
understat:28875,EPL,2025/26,2025-11-03,Sunderland,Everton,MATCHED,True,True,,3.3,3.0,2.3,2526-E0.csv,101
understat:28886,EPL,2025/26,2025-11-08,Tottenham,Manchester United,MATCHED,True,True,,2.9,3.4,2.35,2526-E0.csv,102
understat:28882,EPL,2025/26,2025-11-08,Everton,Fulham,MATCHED,True,True,,2.3,3.3,3.2,2526-E0.csv,103
understat:28887,EPL,2025/26,2025-11-08,West Ham,Burnley,MATCHED,True,True,,1.85,3.6,4.1,2526-E0.csv,104
understat:28885,EPL,2025/26,2025-11-08,Sunderland,Arsenal,MATCHED,True,True,,7.5,4.33,1.44,2526-E0.csv,105
understat:28880,EPL,2025/26,2025-11-08,Chelsea,Wolverhampton Wanderers,MATCHED,True,True,,1.36,5.0,8.0,2526-E0.csv,106
understat:28878,EPL,2025/26,2025-11-09,Aston Villa,Bournemouth,MATCHED,True,True,,2.3,3.3,3.1,2526-E0.csv,107
understat:28879,EPL,2025/26,2025-11-09,Brentford,Newcastle United,MATCHED,True,True,,2.8,3.4,2.5,2526-E0.csv,108
understat:28881,EPL,2025/26,2025-11-09,Crystal Palace,Brighton,MATCHED,True,True,,2.38,3.4,3.0,2526-E0.csv,109
understat:28884,EPL,2025/26,2025-11-09,Nottingham Forest,Leeds,MATCHED,True,True,,2.2,3.0,3.6,2526-E0.csv,110
understat:28883,EPL,2025/26,2025-11-09,Manchester City,Liverpool,MATCHED,True,True,,1.85,4.0,3.8,2526-E0.csv,111
understat:28891,EPL,2025/26,2025-11-22,Burnley,Chelsea,MATCHED,True,True,,5.0,4.2,1.6,2526-E0.csv,112
understat:28888,EPL,2025/26,2025-11-22,Bournemouth,West Ham,MATCHED,True,True,,1.65,4.1,4.75,2526-E0.csv,113
understat:28890,EPL,2025/26,2025-11-22,Brighton,Brentford,MATCHED,True,True,,2.15,3.4,3.4,2526-E0.csv,114
understat:28892,EPL,2025/26,2025-11-22,Fulham,Sunderland,MATCHED,True,True,,2.0,3.4,4.0,2526-E0.csv,115
understat:28894,EPL,2025/26,2025-11-22,Liverpool,Nottingham Forest,MATCHED,True,True,,1.45,4.5,7.0,2526-E0.csv,116
understat:28897,EPL,2025/26,2025-11-22,Wolverhampton Wanderers,Crystal Palace,MATCHED,True,True,,4.5,3.9,1.75,2526-E0.csv,117
understat:28896,EPL,2025/26,2025-11-22,Newcastle United,Manchester City,MATCHED,True,True,,3.8,3.75,1.91,2526-E0.csv,118
understat:28893,EPL,2025/26,2025-11-23,Leeds,Aston Villa,MATCHED,True,True,,3.2,3.3,2.25,2526-E0.csv,119
understat:28889,EPL,2025/26,2025-11-23,Arsenal,Tottenham,MATCHED,True,True,,1.48,4.33,7.0,2526-E0.csv,120
understat:28895,EPL,2025/26,2025-11-24,Manchester United,Everton,MATCHED,True,True,,1.85,3.6,4.1,2526-E0.csv,121
understat:28899,EPL,2025/26,2025-11-29,Brentford,Burnley,MATCHED,True,True,,1.48,4.33,6.5,2526-E0.csv,122
understat:28903,EPL,2025/26,2025-11-29,Manchester City,Leeds,MATCHED,True,True,,1.2,7.5,11.0,2526-E0.csv,123
understat:28905,EPL,2025/26,2025-11-29,Sunderland,Bournemouth,MATCHED,True,True,,3.2,3.3,2.3,2526-E0.csv,124
understat:28902,EPL,2025/26,2025-11-29,Everton,Newcastle United,MATCHED,True,True,,2.63,3.3,2.7,2526-E0.csv,125
understat:28906,EPL,2025/26,2025-11-29,Tottenham,Fulham,MATCHED,True,True,,2.38,3.4,3.0,2526-E0.csv,126
understat:28901,EPL,2025/26,2025-11-30,Crystal Palace,Manchester United,MATCHED,True,True,,2.05,3.7,3.4,2526-E0.csv,127
understat:28898,EPL,2025/26,2025-11-30,Aston Villa,Wolverhampton Wanderers,MATCHED,True,True,,1.5,4.5,6.25,2526-E0.csv,128
understat:28904,EPL,2025/26,2025-11-30,Nottingham Forest,Brighton,MATCHED,True,True,,3.0,3.3,2.45,2526-E0.csv,129
understat:28907,EPL,2025/26,2025-11-30,West Ham,Liverpool,MATCHED,True,True,,4.75,4.5,1.57,2526-E0.csv,130
understat:28900,EPL,2025/26,2025-11-30,Chelsea,Arsenal,MATCHED,True,True,,2.88,3.2,2.55,2526-E0.csv,131
understat:28908,EPL,2025/26,2025-12-02,Bournemouth,Everton,MATCHED,True,True,,2.15,3.5,3.3,2526-E0.csv,132
understat:28912,EPL,2025/26,2025-12-02,Fulham,Manchester City,MATCHED,True,True,,5.0,4.2,1.62,2526-E0.csv,133
understat:28916,EPL,2025/26,2025-12-02,Newcastle United,Tottenham,MATCHED,True,True,,1.85,3.75,4.0,2526-E0.csv,134
understat:28909,EPL,2025/26,2025-12-03,Arsenal,Brentford,MATCHED,True,True,,1.42,4.5,7.5,2526-E0.csv,135
understat:28910,EPL,2025/26,2025-12-03,Brighton,Aston Villa,MATCHED,True,True,,2.25,3.4,3.2,2526-E0.csv,136
understat:28911,EPL,2025/26,2025-12-03,Burnley,Crystal Palace,MATCHED,True,True,,4.75,3.75,1.73,2526-E0.csv,137
understat:28917,EPL,2025/26,2025-12-03,Wolverhampton Wanderers,Nottingham Forest,MATCHED,True,True,,3.1,3.25,2.38,2526-E0.csv,138
understat:28913,EPL,2025/26,2025-12-03,Leeds,Chelsea,MATCHED,True,True,,3.9,3.5,1.95,2526-E0.csv,139
understat:28914,EPL,2025/26,2025-12-03,Liverpool,Sunderland,MATCHED,True,True,,1.36,5.5,7.0,2526-E0.csv,140
understat:28915,EPL,2025/26,2025-12-04,Manchester United,West Ham,MATCHED,True,True,,1.4,5.25,6.5,2526-E0.csv,141
understat:28919,EPL,2025/26,2025-12-06,Aston Villa,Arsenal,MATCHED,True,True,,4.2,3.5,1.9,2526-E0.csv,142
understat:28918,EPL,2025/26,2025-12-06,Bournemouth,Chelsea,MATCHED,True,True,,3.3,3.75,2.05,2526-E0.csv,143
understat:28921,EPL,2025/26,2025-12-06,Everton,Nottingham Forest,MATCHED,True,True,,2.05,3.25,3.9,2526-E0.csv,144
understat:28924,EPL,2025/26,2025-12-06,Manchester City,Sunderland,MATCHED,True,True,,1.25,6.5,10.0,2526-E0.csv,145
understat:28925,EPL,2025/26,2025-12-06,Newcastle United,Burnley,MATCHED,True,True,,1.3,5.5,9.5,2526-E0.csv,146
understat:28926,EPL,2025/26,2025-12-06,Tottenham,Brentford,MATCHED,True,True,,2.5,3.3,2.88,2526-E0.csv,147
understat:28923,EPL,2025/26,2025-12-06,Leeds,Liverpool,MATCHED,True,True,,4.2,4.0,1.75,2526-E0.csv,148
understat:28920,EPL,2025/26,2025-12-07,Brighton,West Ham,MATCHED,True,True,,1.6,4.2,5.25,2526-E0.csv,149
understat:28922,EPL,2025/26,2025-12-07,Fulham,Crystal Palace,MATCHED,True,True,,2.4,3.4,2.9,2526-E0.csv,150
understat:28927,EPL,2025/26,2025-12-08,Wolverhampton Wanderers,Manchester United,MATCHED,True,True,,4.75,4.0,1.67,2526-E0.csv,151
understat:28931,EPL,2025/26,2025-12-13,Chelsea,Everton,MATCHED,True,True,,1.73,3.75,4.75,2526-E0.csv,152
understat:28933,EPL,2025/26,2025-12-13,Liverpool,Brighton,MATCHED,True,True,,1.75,3.9,4.33,2526-E0.csv,153
understat:28930,EPL,2025/26,2025-12-13,Burnley,Fulham,MATCHED,True,True,,3.9,3.5,1.95,2526-E0.csv,154
understat:28928,EPL,2025/26,2025-12-13,Arsenal,Wolverhampton Wanderers,MATCHED,True,True,,1.11,9.0,21.0,2526-E0.csv,155
understat:28932,EPL,2025/26,2025-12-14,Crystal Palace,Manchester City,MATCHED,True,True,,4.0,3.8,1.85,2526-E0.csv,156
understat:28935,EPL,2025/26,2025-12-14,Nottingham Forest,Tottenham,MATCHED,True,True,,2.7,3.3,2.7,2526-E0.csv,157
understat:28936,EPL,2025/26,2025-12-14,Sunderland,Newcastle United,MATCHED,True,True,,3.4,3.4,2.2,2526-E0.csv,158
understat:28937,EPL,2025/26,2025-12-14,West Ham,Aston Villa,MATCHED,True,True,,3.3,3.4,2.2,2526-E0.csv,159
understat:28929,EPL,2025/26,2025-12-14,Brentford,Leeds,MATCHED,True,True,,2.15,3.3,3.6,2526-E0.csv,160
understat:28934,EPL,2025/26,2025-12-15,Manchester United,Bournemouth,MATCHED,True,True,,1.73,4.33,4.2,2526-E0.csv,161
understat:28945,EPL,2025/26,2025-12-20,Newcastle United,Chelsea,MATCHED,True,True,,2.8,3.6,2.3,2526-E0.csv,162
understat:28938,EPL,2025/26,2025-12-20,Bournemouth,Burnley,MATCHED,True,True,,1.48,4.5,6.25,2526-E0.csv,163
understat:28940,EPL,2025/26,2025-12-20,Brighton,Sunderland,MATCHED,True,True,,1.85,3.7,4.1,2526-E0.csv,164
understat:28944,EPL,2025/26,2025-12-20,Manchester City,West Ham,MATCHED,True,True,,1.2,7.5,11.0,2526-E0.csv,165
understat:28947,EPL,2025/26,2025-12-20,Wolverhampton Wanderers,Brentford,MATCHED,True,True,,3.4,3.4,2.1,2526-E0.csv,166
understat:28946,EPL,2025/26,2025-12-20,Tottenham,Liverpool,MATCHED,True,True,,3.6,3.6,2.0,2526-E0.csv,167
understat:28941,EPL,2025/26,2025-12-20,Everton,Arsenal,MATCHED,True,True,,6.25,4.1,1.53,2526-E0.csv,168
understat:28943,EPL,2025/26,2025-12-20,Leeds,Crystal Palace,MATCHED,True,True,,2.88,3.1,2.63,2526-E0.csv,169
understat:28939,EPL,2025/26,2025-12-21,Aston Villa,Manchester United,MATCHED,True,True,,2.0,3.7,3.6,2526-E0.csv,170
understat:28942,EPL,2025/26,2025-12-22,Fulham,Nottingham Forest,MATCHED,True,True,,2.63,3.3,2.75,2526-E0.csv,171
understat:28954,EPL,2025/26,2025-12-26,Manchester United,Newcastle United,MATCHED,True,True,,2.5,3.7,2.6,2526-E0.csv,172
understat:28955,EPL,2025/26,2025-12-27,Nottingham Forest,Manchester City,MATCHED,True,True,,5.0,4.2,1.62,2526-E0.csv,173
understat:28948,EPL,2025/26,2025-12-27,Arsenal,Brighton,MATCHED,True,True,,1.33,5.5,8.0,2526-E0.csv,174
understat:28949,EPL,2025/26,2025-12-27,Brentford,Bournemouth,MATCHED,True,True,,2.25,3.4,3.2,2526-E0.csv,175
understat:28950,EPL,2025/26,2025-12-27,Burnley,Everton,MATCHED,True,True,,3.6,3.1,2.2,2526-E0.csv,176
understat:28953,EPL,2025/26,2025-12-27,Liverpool,Wolverhampton Wanderers,MATCHED,True,True,,1.22,7.0,11.0,2526-E0.csv,177
understat:28957,EPL,2025/26,2025-12-27,West Ham,Fulham,MATCHED,True,True,,3.0,3.3,2.35,2526-E0.csv,178
understat:28951,EPL,2025/26,2025-12-27,Chelsea,Aston Villa,MATCHED,True,True,,1.75,4.0,4.2,2526-E0.csv,179
understat:28956,EPL,2025/26,2025-12-28,Sunderland,Leeds,MATCHED,True,True,,2.9,3.2,2.55,2526-E0.csv,180
understat:28952,EPL,2025/26,2025-12-28,Crystal Palace,Tottenham,MATCHED,True,True,,2.2,3.4,3.25,2526-E0.csv,181
understat:28960,EPL,2025/26,2025-12-30,Burnley,Newcastle United,MATCHED,True,True,,5.5,4.2,1.57,2526-E0.csv,182
understat:28961,EPL,2025/26,2025-12-30,Chelsea,Bournemouth,MATCHED,True,True,,1.62,4.5,5.0,2526-E0.csv,183
understat:28965,EPL,2025/26,2025-12-30,Nottingham Forest,Everton,MATCHED,True,True,,1.83,3.5,4.2,2526-E0.csv,184
understat:28967,EPL,2025/26,2025-12-30,West Ham,Brighton,MATCHED,True,True,,3.4,3.7,2.1,2526-E0.csv,185
understat:28958,EPL,2025/26,2025-12-30,Arsenal,Aston Villa,MATCHED,True,True,,1.36,5.25,7.5,2526-E0.csv,186
understat:28964,EPL,2025/26,2025-12-30,Manchester United,Wolverhampton Wanderers,MATCHED,True,True,,1.36,5.25,7.0,2526-E0.csv,187
understat:28962,EPL,2025/26,2026-01-01,Crystal Palace,Fulham,MATCHED,True,True,,2.2,3.25,3.4,2526-E0.csv,188
understat:28963,EPL,2025/26,2026-01-01,Liverpool,Leeds,MATCHED,True,True,,1.48,4.5,6.5,2526-E0.csv,189
understat:28959,EPL,2025/26,2026-01-01,Brentford,Tottenham,MATCHED,True,True,,2.4,3.5,2.88,2526-E0.csv,190
understat:28966,EPL,2025/26,2026-01-01,Sunderland,Manchester City,MATCHED,True,True,,7.0,5.0,1.42,2526-E0.csv,191
understat:28972,EPL,2025/26,2026-01-03,Aston Villa,Nottingham Forest,MATCHED,True,True,,1.91,3.5,4.0,2526-E0.csv,192
understat:28970,EPL,2025/26,2026-01-03,Wolverhampton Wanderers,West Ham,MATCHED,True,True,,2.6,3.4,2.63,2526-E0.csv,194
understat:28973,EPL,2025/26,2026-01-03,Brighton,Burnley,MATCHED,True,True,,1.44,4.5,7.0,2526-E0.csv,193
understat:28971,EPL,2025/26,2026-01-03,Bournemouth,Arsenal,MATCHED,True,True,,6.0,4.5,1.5,2526-E0.csv,195
understat:28976,EPL,2025/26,2026-01-04,Leeds,Manchester United,MATCHED,True,True,,2.8,3.2,2.6,2526-E0.csv,196
understat:28968,EPL,2025/26,2026-01-04,Newcastle United,Crystal Palace,MATCHED,True,True,,1.67,4.1,4.75,2526-E0.csv,198
understat:28969,EPL,2025/26,2026-01-04,Tottenham,Sunderland,MATCHED,True,True,,1.95,3.5,3.9,2526-E0.csv,199
understat:28974,EPL,2025/26,2026-01-04,Everton,Brentford,MATCHED,True,True,,2.45,3.2,3.1,2526-E0.csv,197
understat:28975,EPL,2025/26,2026-01-04,Fulham,Liverpool,MATCHED,True,True,,4.0,3.75,1.85,2526-E0.csv,200
understat:28977,EPL,2025/26,2026-01-04,Manchester City,Chelsea,MATCHED,True,True,,1.5,5.0,5.5,2526-E0.csv,201
understat:28987,EPL,2025/26,2026-01-06,West Ham,Nottingham Forest,MATCHED,True,True,,2.9,3.5,2.35,2526-E0.csv,202
understat:28978,EPL,2025/26,2026-01-07,Everton,Wolverhampton Wanderers,MATCHED,True,True,,1.85,3.5,4.33,2526-E0.csv,206
understat:28979,EPL,2025/26,2026-01-07,Bournemouth,Tottenham,MATCHED,True,True,,2.2,3.6,3.1,2526-E0.csv,203
understat:28981,EPL,2025/26,2026-01-07,Brentford,Sunderland,MATCHED,True,True,,2.05,3.3,3.75,2526-E0.csv,204
understat:28983,EPL,2025/26,2026-01-07,Crystal Palace,Aston Villa,MATCHED,True,True,,2.9,3.4,2.4,2526-E0.csv,205
understat:28984,EPL,2025/26,2026-01-07,Fulham,Chelsea,MATCHED,True,True,,3.7,3.5,2.0,2526-E0.csv,207
understat:28985,EPL,2025/26,2026-01-07,Manchester City,Brighton,MATCHED,True,True,,1.5,4.5,5.75,2526-E0.csv,208
understat:28982,EPL,2025/26,2026-01-07,Burnley,Manchester United,MATCHED,True,True,,4.75,3.9,1.7,2526-E0.csv,209
understat:28986,EPL,2025/26,2026-01-07,Newcastle United,Leeds,MATCHED,True,True,,1.6,3.9,6.0,2526-E0.csv,210
understat:28980,EPL,2025/26,2026-01-08,Arsenal,Liverpool,MATCHED,True,True,,1.57,4.1,5.75,2526-E0.csv,211
understat:28993,EPL,2025/26,2026-01-17,Manchester United,Manchester City,MATCHED,True,True,,2.9,3.6,2.3,2526-E0.csv,212
understat:28990,EPL,2025/26,2026-01-17,Chelsea,Brentford,MATCHED,True,True,,1.85,3.75,4.1,2526-E0.csv,213
understat:28991,EPL,2025/26,2026-01-17,Leeds,Fulham,MATCHED,True,True,,2.35,3.4,3.0,2526-E0.csv,214
understat:28992,EPL,2025/26,2026-01-17,Liverpool,Burnley,MATCHED,True,True,,1.22,6.5,12.0,2526-E0.csv,215
understat:28995,EPL,2025/26,2026-01-17,Sunderland,Crystal Palace,MATCHED,True,True,,2.4,3.2,3.1,2526-E0.csv,216
understat:28996,EPL,2025/26,2026-01-17,Tottenham,West Ham,MATCHED,True,True,,1.85,3.75,3.9,2526-E0.csv,217
understat:28994,EPL,2025/26,2026-01-17,Nottingham Forest,Arsenal,MATCHED,True,True,,5.5,3.9,1.62,2526-E0.csv,218
understat:28997,EPL,2025/26,2026-01-18,Wolverhampton Wanderers,Newcastle United,MATCHED,True,True,,4.5,4.0,1.7,2526-E0.csv,219
understat:28988,EPL,2025/26,2026-01-18,Aston Villa,Everton,MATCHED,True,True,,1.62,3.9,5.75,2526-E0.csv,220
understat:28989,EPL,2025/26,2026-01-19,Brighton,Bournemouth,MATCHED,True,True,,1.95,3.75,3.7,2526-E0.csv,221
understat:29007,EPL,2025/26,2026-01-24,West Ham,Sunderland,MATCHED,True,True,,2.2,3.3,3.25,2526-E0.csv,222
understat:29001,EPL,2025/26,2026-01-24,Burnley,Tottenham,MATCHED,True,True,,3.9,3.4,2.0,2526-E0.csv,223
understat:29004,EPL,2025/26,2026-01-24,Fulham,Brighton,MATCHED,True,True,,2.55,3.3,2.75,2526-E0.csv,224
understat:29005,EPL,2025/26,2026-01-24,Manchester City,Wolverhampton Wanderers,MATCHED,True,True,,1.3,5.75,9.0,2526-E0.csv,225
understat:28998,EPL,2025/26,2026-01-24,Bournemouth,Liverpool,MATCHED,True,True,,4.2,4.0,1.75,2526-E0.csv,226
understat:29000,EPL,2025/26,2026-01-25,Brentford,Nottingham Forest,MATCHED,True,True,,1.85,3.6,4.33,2526-E0.csv,227
understat:29002,EPL,2025/26,2026-01-25,Crystal Palace,Chelsea,MATCHED,True,True,,3.4,3.5,2.1,2526-E0.csv,228
understat:29006,EPL,2025/26,2026-01-25,Newcastle United,Aston Villa,MATCHED,True,True,,2.15,3.6,3.3,2526-E0.csv,229
understat:28999,EPL,2025/26,2026-01-25,Arsenal,Manchester United,MATCHED,True,True,,1.53,4.5,5.75,2526-E0.csv,230
understat:29003,EPL,2025/26,2026-01-26,Everton,Leeds,MATCHED,True,True,,2.5,3.2,2.9,2526-E0.csv,231
understat:29010,EPL,2025/26,2026-01-31,Brighton,Everton,MATCHED,True,True,,1.91,3.5,4.0,2526-E0.csv,232
understat:29015,EPL,2025/26,2026-01-31,Leeds,Arsenal,MATCHED,True,True,,5.5,4.2,1.57,2526-E0.csv,233
understat:29017,EPL,2025/26,2026-01-31,Wolverhampton Wanderers,Bournemouth,MATCHED,True,True,,2.8,3.5,2.45,2526-E0.csv,234
understat:29009,EPL,2025/26,2026-01-31,Chelsea,West Ham,MATCHED,True,True,,1.62,4.33,5.0,2526-E0.csv,235
understat:29014,EPL,2025/26,2026-01-31,Liverpool,Newcastle United,MATCHED,True,True,,1.62,4.33,4.75,2526-E0.csv,236
understat:29008,EPL,2025/26,2026-02-01,Aston Villa,Brentford,MATCHED,True,True,,2.38,3.4,3.0,2526-E0.csv,237
understat:29012,EPL,2025/26,2026-02-01,Manchester United,Fulham,MATCHED,True,True,,1.53,4.75,5.25,2526-E0.csv,238
understat:29013,EPL,2025/26,2026-02-01,Nottingham Forest,Crystal Palace,MATCHED,True,True,,2.1,3.3,3.6,2526-E0.csv,239
understat:29016,EPL,2025/26,2026-02-01,Tottenham,Manchester City,MATCHED,True,True,,4.75,4.1,1.67,2526-E0.csv,240
understat:29011,EPL,2025/26,2026-02-02,Sunderland,Burnley,MATCHED,True,True,,1.91,3.3,4.33,2526-E0.csv,241
understat:29023,EPL,2025/26,2026-02-06,Leeds,Nottingham Forest,MATCHED,True,True,,2.1,3.4,3.5,2526-E0.csv,242
understat:29025,EPL,2025/26,2026-02-07,Manchester United,Tottenham,MATCHED,True,True,,1.6,4.5,4.75,2526-E0.csv,243
understat:29018,EPL,2025/26,2026-02-07,Bournemouth,Aston Villa,MATCHED,True,True,,2.8,3.6,2.4,2526-E0.csv,245
understat:29019,EPL,2025/26,2026-02-07,Arsenal,Sunderland,MATCHED,True,True,,1.25,6.0,11.0,2526-E0.csv,244
understat:29021,EPL,2025/26,2026-02-07,Burnley,West Ham,MATCHED,True,True,,3.2,3.7,2.15,2526-E0.csv,246
understat:29022,EPL,2025/26,2026-02-07,Fulham,Everton,MATCHED,True,True,,2.1,3.4,3.5,2526-E0.csv,247
understat:29027,EPL,2025/26,2026-02-07,Wolverhampton Wanderers,Chelsea,MATCHED,True,True,,5.0,4.2,1.6,2526-E0.csv,248
understat:29026,EPL,2025/26,2026-02-07,Newcastle United,Brentford,MATCHED,True,True,,1.91,3.75,3.75,2526-E0.csv,249
understat:29020,EPL,2025/26,2026-02-08,Brighton,Crystal Palace,MATCHED,True,True,,2.2,3.3,3.4,2526-E0.csv,250
understat:29024,EPL,2025/26,2026-02-08,Liverpool,Manchester City,MATCHED,True,True,,2.1,3.9,3.0,2526-E0.csv,251
understat:29030,EPL,2025/26,2026-02-10,Chelsea,Leeds,MATCHED,True,True,,1.53,4.33,5.75,2526-E0.csv,252
understat:29032,EPL,2025/26,2026-02-10,Everton,Bournemouth,MATCHED,True,True,,2.3,3.5,3.0,2526-E0.csv,253
understat:29036,EPL,2025/26,2026-02-10,Tottenham,Newcastle United,MATCHED,True,True,,3.0,3.7,2.25,2526-E0.csv,254
understat:29037,EPL,2025/26,2026-02-10,West Ham,Manchester United,MATCHED,True,True,,4.33,4.33,1.7,2526-E0.csv,255
understat:29028,EPL,2025/26,2026-02-11,Aston Villa,Brighton,MATCHED,True,True,,2.1,3.75,3.25,2526-E0.csv,256
understat:29031,EPL,2025/26,2026-02-11,Crystal Palace,Burnley,MATCHED,True,True,,1.45,4.5,7.0,2526-E0.csv,257
understat:29033,EPL,2025/26,2026-02-11,Manchester City,Fulham,MATCHED,True,True,,1.36,5.5,7.5,2526-E0.csv,258
understat:29034,EPL,2025/26,2026-02-11,Nottingham Forest,Wolverhampton Wanderers,MATCHED,True,True,,1.75,3.9,4.33,2526-E0.csv,259
understat:29035,EPL,2025/26,2026-02-11,Sunderland,Liverpool,MATCHED,True,True,,4.33,3.8,1.75,2526-E0.csv,260
understat:29029,EPL,2025/26,2026-02-12,Brentford,Arsenal,MATCHED,True,True,,5.0,3.75,1.67,2526-E0.csv,261
understat:29087,EPL,2025/26,2026-02-18,Wolverhampton Wanderers,Arsenal,MATCHED,True,True,,12.0,6.5,1.22,2526-E0.csv,262
understat:29038,EPL,2025/26,2026-02-21,Aston Villa,Leeds,MATCHED,True,True,,1.83,3.6,4.33,2526-E0.csv,263
understat:29039,EPL,2025/26,2026-02-21,Brentford,Brighton,MATCHED,True,True,,2.3,3.4,3.1,2526-E0.csv,264
understat:29040,EPL,2025/26,2026-02-21,Chelsea,Burnley,MATCHED,True,True,,1.25,6.25,11.0,2526-E0.csv,265
understat:29047,EPL,2025/26,2026-02-21,West Ham,Bournemouth,MATCHED,True,True,,2.75,3.6,2.45,2526-E0.csv,266
understat:29043,EPL,2025/26,2026-02-21,Manchester City,Newcastle United,MATCHED,True,True,,1.57,4.75,5.0,2526-E0.csv,267
understat:29041,EPL,2025/26,2026-02-22,Crystal Palace,Wolverhampton Wanderers,MATCHED,True,True,,1.75,3.8,4.33,2526-E0.csv,268
understat:29044,EPL,2025/26,2026-02-22,Nottingham Forest,Liverpool,MATCHED,True,True,,3.6,3.9,1.91,2526-E0.csv,269
understat:29045,EPL,2025/26,2026-02-22,Sunderland,Fulham,MATCHED,True,True,,2.88,3.25,2.5,2526-E0.csv,270
understat:29046,EPL,2025/26,2026-02-22,Tottenham,Arsenal,MATCHED,True,True,,7.5,4.5,1.4,2526-E0.csv,271
understat:29042,EPL,2025/26,2026-02-23,Everton,Manchester United,MATCHED,True,True,,3.3,3.4,1.91,2526-E0.csv,272
understat:29057,EPL,2025/26,2026-02-27,Wolverhampton Wanderers,Aston Villa,MATCHED,True,True,,4.75,3.7,1.75,2526-E0.csv,273
understat:29048,EPL,2025/26,2026-02-28,Bournemouth,Sunderland,MATCHED,True,True,,1.83,3.6,4.33,2526-E0.csv,274
understat:29051,EPL,2025/26,2026-02-28,Burnley,Brentford,MATCHED,True,True,,4.33,3.9,1.75,2526-E0.csv,275
understat:29054,EPL,2025/26,2026-02-28,Liverpool,West Ham,MATCHED,True,True,,1.4,5.0,7.0,2526-E0.csv,276
understat:29056,EPL,2025/26,2026-02-28,Newcastle United,Everton,MATCHED,True,True,,1.75,3.8,4.33,2526-E0.csv,277
understat:29053,EPL,2025/26,2026-02-28,Leeds,Manchester City,MATCHED,True,True,,4.75,3.9,1.7,2526-E0.csv,278
understat:29050,EPL,2025/26,2026-03-01,Brighton,Nottingham Forest,MATCHED,True,True,,2.1,3.5,3.5,2526-E0.csv,279
understat:29052,EPL,2025/26,2026-03-01,Fulham,Tottenham,MATCHED,True,True,,2.05,3.6,3.5,2526-E0.csv,280
understat:29055,EPL,2025/26,2026-03-01,Manchester United,Crystal Palace,MATCHED,True,True,,1.53,4.33,5.75,2526-E0.csv,281
understat:29049,EPL,2025/26,2026-03-01,Arsenal,Chelsea,MATCHED,True,True,,1.53,4.2,6.0,2526-E0.csv,282
understat:29058,EPL,2025/26,2026-03-03,Bournemouth,Brentford,MATCHED,True,True,,2.5,3.6,2.7,2526-E0.csv,283
understat:29061,EPL,2025/26,2026-03-03,Everton,Burnley,MATCHED,True,True,,1.62,3.8,5.75,2526-E0.csv,284
understat:29063,EPL,2025/26,2026-03-03,Leeds,Sunderland,MATCHED,True,True,,1.8,3.5,4.5,2526-E0.csv,285
understat:29067,EPL,2025/26,2026-03-03,Wolverhampton Wanderers,Liverpool,MATCHED,True,True,,6.5,4.75,1.42,2526-E0.csv,286
understat:29059,EPL,2025/26,2026-03-04,Aston Villa,Chelsea,MATCHED,True,True,,2.63,3.4,2.55,2526-E0.csv,287
understat:29060,EPL,2025/26,2026-03-04,Brighton,Arsenal,MATCHED,True,True,,5.0,3.8,1.67,2526-E0.csv,288
understat:29062,EPL,2025/26,2026-03-04,Fulham,West Ham,MATCHED,True,True,,2.2,3.5,3.1,2526-E0.csv,289
understat:29064,EPL,2025/26,2026-03-04,Manchester City,Nottingham Forest,MATCHED,True,True,,1.38,5.0,8.0,2526-E0.csv,290
understat:29065,EPL,2025/26,2026-03-04,Newcastle United,Manchester United,MATCHED,True,True,,2.6,3.6,2.6,2526-E0.csv,291
understat:29066,EPL,2025/26,2026-03-05,Tottenham,Crystal Palace,MATCHED,True,True,,2.45,3.3,2.88,2526-E0.csv,292
understat:29070,EPL,2025/26,2026-03-14,Burnley,Bournemouth,MATCHED,True,True,,3.9,4.0,1.83,2526-E0.csv,293
understat:29076,EPL,2025/26,2026-03-14,Sunderland,Brighton,MATCHED,True,True,,3.6,3.6,2.0,2526-E0.csv,294
understat:29068,EPL,2025/26,2026-03-14,Arsenal,Everton,MATCHED,True,True,,1.36,4.5,9.0,2526-E0.csv,295
understat:29071,EPL,2025/26,2026-03-14,Chelsea,Newcastle United,MATCHED,True,True,,1.67,4.33,4.33,2526-E0.csv,296
understat:29077,EPL,2025/26,2026-03-14,West Ham,Manchester City,MATCHED,True,True,,4.75,4.33,1.65,2526-E0.csv,297
understat:29072,EPL,2025/26,2026-03-15,Crystal Palace,Leeds,MATCHED,True,True,,2.7,3.25,2.75,2526-E0.csv,298
understat:29074,EPL,2025/26,2026-03-15,Manchester United,Aston Villa,MATCHED,True,True,,1.7,4.1,4.5,2526-E0.csv,299
understat:29075,EPL,2025/26,2026-03-15,Nottingham Forest,Fulham,MATCHED,True,True,,2.3,3.3,3.2,2526-E0.csv,300
understat:29073,EPL,2025/26,2026-03-15,Liverpool,Tottenham,MATCHED,True,True,,1.3,6.0,8.5,2526-E0.csv,301
understat:29069,EPL,2025/26,2026-03-16,Brentford,Wolverhampton Wanderers,MATCHED,True,True,,1.53,4.33,5.75,2526-E0.csv,302
understat:29078,EPL,2025/26,2026-03-20,Bournemouth,Manchester United,MATCHED,True,True,,3.1,3.75,2.15,2526-E0.csv,303
understat:29080,EPL,2025/26,2026-03-21,Brighton,Liverpool,MATCHED,True,True,,3.1,3.6,2.2,2526-E0.csv,304
understat:29082,EPL,2025/26,2026-03-21,Fulham,Burnley,MATCHED,True,True,,1.55,4.33,5.75,2526-E0.csv,305
understat:29081,EPL,2025/26,2026-03-21,Everton,Chelsea,MATCHED,True,True,,3.2,3.4,2.25,2526-E0.csv,306
understat:29083,EPL,2025/26,2026-03-21,Leeds,Brentford,MATCHED,True,True,,2.38,3.5,3.0,2526-E0.csv,307
understat:29085,EPL,2025/26,2026-03-22,Newcastle United,Sunderland,MATCHED,True,True,,1.55,4.2,5.75,2526-E0.csv,308
understat:29079,EPL,2025/26,2026-03-22,Aston Villa,West Ham,MATCHED,True,True,,1.75,3.8,4.5,2526-E0.csv,309
understat:29086,EPL,2025/26,2026-03-22,Tottenham,Nottingham Forest,MATCHED,True,True,,2.35,3.4,3.0,2526-E0.csv,310
understat:29091,EPL,2025/26,2026-04-10,West Ham,Wolverhampton Wanderers,MATCHED,True,True,,1.75,3.8,4.5,2526-E0.csv,311
understat:29092,EPL,2025/26,2026-04-11,Arsenal,Bournemouth,MATCHED,True,True,,1.44,4.33,7.0,2526-E0.csv,312
understat:29093,EPL,2025/26,2026-04-11,Brentford,Everton,MATCHED,True,True,,2.1,3.4,3.5,2526-E0.csv,313
understat:29094,EPL,2025/26,2026-04-11,Burnley,Brighton,MATCHED,True,True,,5.25,4.2,1.57,2526-E0.csv,314
understat:29097,EPL,2025/26,2026-04-11,Liverpool,Fulham,MATCHED,True,True,,1.75,4.1,4.2,2526-E0.csv,315
understat:29089,EPL,2025/26,2026-04-12,Nottingham Forest,Aston Villa,MATCHED,True,True,,2.3,3.4,3.0,2526-E0.csv,317
understat:29090,EPL,2025/26,2026-04-12,Sunderland,Tottenham,MATCHED,True,True,,2.9,3.2,2.55,2526-E0.csv,318
understat:29096,EPL,2025/26,2026-04-12,Crystal Palace,Newcastle United,MATCHED,True,True,,3.0,3.3,2.4,2526-E0.csv,316
understat:29095,EPL,2025/26,2026-04-12,Chelsea,Manchester City,MATCHED,True,True,,3.6,3.9,1.91,2526-E0.csv,319
understat:29088,EPL,2025/26,2026-04-13,Manchester United,Leeds,MATCHED,True,True,,1.62,4.1,5.25,2526-E0.csv,320
understat:29099,EPL,2025/26,2026-04-18,Brentford,Fulham,MATCHED,True,True,,1.95,3.8,3.6,2526-E0.csv,321
understat:29103,EPL,2025/26,2026-04-18,Leeds,Wolverhampton Wanderers,MATCHED,True,True,,1.5,4.2,6.5,2526-E0.csv,322
understat:29105,EPL,2025/26,2026-04-18,Newcastle United,Bournemouth,MATCHED,True,True,,2.2,3.7,3.0,2526-E0.csv,323
understat:29107,EPL,2025/26,2026-04-18,Tottenham,Brighton,MATCHED,True,True,,3.0,3.9,2.15,2526-E0.csv,324
understat:29100,EPL,2025/26,2026-04-18,Chelsea,Manchester United,MATCHED,True,True,,2.05,3.8,3.2,2526-E0.csv,325
understat:29098,EPL,2025/26,2026-04-19,Aston Villa,Sunderland,MATCHED,True,True,,1.75,3.6,5.0,2526-E0.csv,326
understat:29102,EPL,2025/26,2026-04-19,Everton,Liverpool,MATCHED,True,True,,3.2,3.4,2.25,2526-E0.csv,327
understat:29106,EPL,2025/26,2026-04-19,Nottingham Forest,Burnley,MATCHED,True,True,,1.45,4.5,7.0,2526-E0.csv,328
understat:29104,EPL,2025/26,2026-04-19,Manchester City,Arsenal,MATCHED,True,True,,1.85,3.7,4.1,2526-E0.csv,329
understat:29101,EPL,2025/26,2026-04-20,Crystal Palace,West Ham,MATCHED,True,True,,2.63,3.25,2.7,2526-E0.csv,330
understat:29110,EPL,2025/26,2026-04-21,Brighton,Chelsea,MATCHED,True,True,,2.25,3.6,3.0,2526-E0.csv,331
understat:29108,EPL,2025/26,2026-04-22,Bournemouth,Leeds,MATCHED,True,True,,1.8,3.9,4.1,2526-E0.csv,332
understat:29111,EPL,2025/26,2026-04-22,Burnley,Manchester City,MATCHED,True,True,,15.0,8.5,1.14,2526-E0.csv,333
understat:29115,EPL,2025/26,2026-04-24,Sunderland,Nottingham Forest,MATCHED,True,True,,2.63,3.1,2.8,2526-E0.csv,334
understat:29112,EPL,2025/26,2026-04-25,Fulham,Aston Villa,MATCHED,True,True,,2.45,3.6,2.75,2526-E0.csv,335
understat:29113,EPL,2025/26,2026-04-25,Liverpool,Crystal Palace,MATCHED,True,True,,1.6,4.5,5.0,2526-E0.csv,336
understat:29116,EPL,2025/26,2026-04-25,West Ham,Everton,MATCHED,True,True,,2.4,3.4,2.8,2526-E0.csv,337
understat:29117,EPL,2025/26,2026-04-25,Wolverhampton Wanderers,Tottenham,MATCHED,True,True,,4.5,4.33,1.67,2526-E0.csv,338
understat:29109,EPL,2025/26,2026-04-25,Arsenal,Newcastle United,MATCHED,True,True,,1.38,5.0,7.5,2526-E0.csv,339
understat:29114,EPL,2025/26,2026-04-27,Manchester United,Brentford,MATCHED,True,True,,1.95,3.75,3.6,2526-E0.csv,340
understat:29124,EPL,2025/26,2026-05-01,Leeds,Burnley,MATCHED,True,True,,1.36,5.0,8.5,2526-E0.csv,341
understat:29121,EPL,2025/26,2026-05-02,Brentford,West Ham,MATCHED,True,True,,1.85,3.8,3.8,2526-E0.csv,342
understat:29126,EPL,2025/26,2026-05-02,Newcastle United,Brighton,MATCHED,True,True,,2.7,3.6,2.45,2526-E0.csv,343
understat:29127,EPL,2025/26,2026-05-02,Wolverhampton Wanderers,Sunderland,MATCHED,True,True,,3.6,3.5,2.0,2526-E0.csv,344
understat:29119,EPL,2025/26,2026-05-02,Arsenal,Fulham,MATCHED,True,True,,1.45,4.5,7.0,2526-E0.csv,345
understat:29118,EPL,2025/26,2026-05-03,Bournemouth,Crystal Palace,MATCHED,True,True,,1.55,4.33,5.25,2526-E0.csv,346
understat:29125,EPL,2025/26,2026-05-03,Manchester United,Liverpool,MATCHED,True,True,,2.35,3.75,2.8,2526-E0.csv,347
understat:29120,EPL,2025/26,2026-05-03,Aston Villa,Tottenham,MATCHED,True,True,,2.25,3.6,3.0,2526-E0.csv,348
understat:29122,EPL,2025/26,2026-05-04,Chelsea,Nottingham Forest,MATCHED,True,True,,1.42,4.75,7.0,2526-E0.csv,349
understat:29123,EPL,2025/26,2026-05-04,Everton,Manchester City,MATCHED,True,True,,6.5,4.75,1.44,2526-E0.csv,350
understat:29132,EPL,2025/26,2026-05-09,Liverpool,Chelsea,MATCHED,True,True,,2.0,3.75,3.4,2526-E0.csv,351
understat:29128,EPL,2025/26,2026-05-09,Brighton,Wolverhampton Wanderers,MATCHED,True,True,,1.29,6.0,9.0,2526-E0.csv,352
understat:29131,EPL,2025/26,2026-05-09,Fulham,Bournemouth,MATCHED,True,True,,2.7,3.6,2.45,2526-E0.csv,353
understat:29135,EPL,2025/26,2026-05-09,Sunderland,Manchester United,MATCHED,True,True,,3.2,3.6,2.15,2526-E0.csv,354
understat:29133,EPL,2025/26,2026-05-09,Manchester City,Brentford,MATCHED,True,True,,1.36,5.5,7.0,2526-E0.csv,355
understat:29129,EPL,2025/26,2026-05-10,Burnley,Aston Villa,MATCHED,True,True,,6.25,4.5,1.48,2526-E0.csv,356
understat:29130,EPL,2025/26,2026-05-10,Crystal Palace,Everton,MATCHED,True,True,,2.75,3.3,2.55,2526-E0.csv,357
understat:29134,EPL,2025/26,2026-05-10,Nottingham Forest,Newcastle United,MATCHED,True,True,,3.5,3.4,2.1,2526-E0.csv,358
understat:29137,EPL,2025/26,2026-05-10,West Ham,Arsenal,MATCHED,True,True,,6.0,4.2,1.55,2526-E0.csv,359
understat:29136,EPL,2025/26,2026-05-11,Tottenham,Leeds,MATCHED,True,True,,1.83,3.7,4.2,2526-E0.csv,360
understat:29084,EPL,2025/26,2026-05-13,Manchester City,Crystal Palace,MATCHED,True,True,,1.3,6.0,8.5,2526-E0.csv,361
understat:29140,EPL,2025/26,2026-05-15,Aston Villa,Liverpool,MATCHED,True,True,,2.7,3.4,2.55,2526-E0.csv,362
understat:29145,EPL,2025/26,2026-05-17,Manchester United,Nottingham Forest,MATCHED,True,True,,1.55,4.5,5.25,2526-E0.csv,363
understat:29141,EPL,2025/26,2026-05-17,Brentford,Crystal Palace,MATCHED,True,True,,1.75,3.9,4.33,2526-E0.csv,364
understat:29143,EPL,2025/26,2026-05-17,Everton,Sunderland,MATCHED,True,True,,1.75,3.7,4.33,2526-E0.csv,365
understat:29144,EPL,2025/26,2026-05-17,Leeds,Brighton,MATCHED,True,True,,3.5,3.5,2.05,2526-E0.csv,366
understat:29147,EPL,2025/26,2026-05-17,Wolverhampton Wanderers,Fulham,MATCHED,True,True,,4.0,3.75,1.8,2526-E0.csv,367
understat:29146,EPL,2025/26,2026-05-17,Newcastle United,West Ham,MATCHED,True,True,,2.05,3.9,3.2,2526-E0.csv,368
understat:29139,EPL,2025/26,2026-05-18,Arsenal,Burnley,MATCHED,True,True,,1.09,10.0,26.0,2526-E0.csv,369
understat:29138,EPL,2025/26,2026-05-19,Bournemouth,Manchester City,MATCHED,True,True,,4.75,4.5,1.62,2526-E0.csv,370
understat:29142,EPL,2025/26,2026-05-19,Chelsea,Tottenham,MATCHED,True,True,,2.25,3.25,3.3,2526-E0.csv,371
understat:29148,EPL,2025/26,2026-05-24,Brighton,Manchester United,MATCHED,True,True,,1.85,4.33,3.5,2526-E0.csv,372
understat:29149,EPL,2025/26,2026-05-24,Burnley,Wolverhampton Wanderers,MATCHED,True,True,,2.35,3.4,2.9,2526-E0.csv,373
understat:29150,EPL,2025/26,2026-05-24,Crystal Palace,Arsenal,MATCHED,True,True,,4.1,3.6,1.85,2526-E0.csv,374
understat:29151,EPL,2025/26,2026-05-24,Fulham,Newcastle United,MATCHED,True,True,,2.5,3.7,2.6,2526-E0.csv,375
understat:29152,EPL,2025/26,2026-05-24,Liverpool,Brentford,MATCHED,True,True,,1.8,4.0,4.0,2526-E0.csv,376
understat:29153,EPL,2025/26,2026-05-24,Manchester City,Aston Villa,MATCHED,True,True,,1.42,5.0,6.5,2526-E0.csv,377
understat:29154,EPL,2025/26,2026-05-24,Nottingham Forest,Bournemouth,MATCHED,True,True,,3.7,3.8,1.91,2526-E0.csv,378
understat:29155,EPL,2025/26,2026-05-24,Sunderland,Chelsea,MATCHED,True,True,,3.3,3.8,2.05,2526-E0.csv,379
understat:29156,EPL,2025/26,2026-05-24,Tottenham,Everton,MATCHED,True,True,,1.91,3.5,4.1,2526-E0.csv,380
understat:29157,EPL,2025/26,2026-05-24,West Ham,Leeds,MATCHED,True,True,,1.7,4.1,4.5,2526-E0.csv,381
understat:22685,La_liga,2023/24,2023-08-11,Almeria,Rayo Vallecano,MATCHED,True,True,,2.63,3.2,2.75,2324-SP1.csv,2
understat:22686,La_liga,2023/24,2023-08-11,Sevilla,Valencia,MATCHED,True,True,,1.91,3.4,4.33,2324-SP1.csv,3
understat:22687,La_liga,2023/24,2023-08-12,Real Sociedad,Girona,MATCHED,True,True,,1.8,3.6,4.33,2324-SP1.csv,4
understat:22688,La_liga,2023/24,2023-08-12,Las Palmas,Mallorca,MATCHED,True,True,,2.55,2.9,3.1,2324-SP1.csv,5
understat:22689,La_liga,2023/24,2023-08-12,Athletic Club,Real Madrid,MATCHED,True,True,,3.25,3.4,2.2,2324-SP1.csv,6
understat:22690,La_liga,2023/24,2023-08-13,Celta Vigo,Osasuna,MATCHED,True,True,,2.1,3.2,3.8,2324-SP1.csv,7
understat:22691,La_liga,2023/24,2023-08-13,Villarreal,Real Betis,MATCHED,True,True,,1.7,4.0,4.5,2324-SP1.csv,8
understat:22692,La_liga,2023/24,2023-08-13,Getafe,Barcelona,MATCHED,True,True,,6.5,4.0,1.55,2324-SP1.csv,9
understat:22693,La_liga,2023/24,2023-08-14,Cadiz,Alaves,MATCHED,True,True,,2.25,3.0,3.75,2324-SP1.csv,10
understat:22694,La_liga,2023/24,2023-08-14,Atletico Madrid,Granada,MATCHED,True,True,,1.33,5.25,8.5,2324-SP1.csv,11
understat:22695,La_liga,2023/24,2023-08-18,Mallorca,Villarreal,MATCHED,True,True,,2.7,3.2,2.7,2324-SP1.csv,12
understat:22696,La_liga,2023/24,2023-08-18,Valencia,Las Palmas,MATCHED,True,True,,1.6,3.8,6.0,2324-SP1.csv,13
understat:22697,La_liga,2023/24,2023-08-19,Real Sociedad,Celta Vigo,MATCHED,True,True,,1.7,3.4,6.0,2324-SP1.csv,14
understat:22698,La_liga,2023/24,2023-08-19,Almeria,Real Madrid,MATCHED,True,True,,7.0,5.0,1.4,2324-SP1.csv,15
understat:22699,La_liga,2023/24,2023-08-19,Osasuna,Athletic Club,MATCHED,True,True,,2.8,2.9,2.8,2324-SP1.csv,16
understat:22700,La_liga,2023/24,2023-08-20,Girona,Getafe,MATCHED,True,True,,1.95,3.25,4.75,2324-SP1.csv,17
understat:22701,La_liga,2023/24,2023-08-20,Barcelona,Cadiz,MATCHED,True,True,,1.29,5.75,10.0,2324-SP1.csv,18
understat:22702,La_liga,2023/24,2023-08-20,Real Betis,Atletico Madrid,MATCHED,True,True,,3.75,3.4,2.0,2324-SP1.csv,19
understat:22703,La_liga,2023/24,2023-08-21,Alaves,Sevilla,MATCHED,True,True,,3.25,3.0,2.38,2324-SP1.csv,20
understat:22704,La_liga,2023/24,2023-08-21,Granada,Rayo Vallecano,MATCHED,True,True,,2.88,3.1,2.63,2324-SP1.csv,21
understat:22705,La_liga,2023/24,2023-08-25,Las Palmas,Real Sociedad,MATCHED,True,True,,4.33,3.3,1.91,2324-SP1.csv,22
understat:22712,La_liga,2023/24,2023-08-25,Celta Vigo,Real Madrid,MATCHED,True,True,,4.2,3.6,1.85,2324-SP1.csv,23
understat:22707,La_liga,2023/24,2023-08-26,Cadiz,Almeria,MATCHED,True,True,,2.15,3.3,3.6,2324-SP1.csv,24
understat:22708,La_liga,2023/24,2023-08-26,Granada,Mallorca,MATCHED,True,True,,2.7,3.0,2.9,2324-SP1.csv,25
understat:22709,La_liga,2023/24,2023-08-26,Sevilla,Girona,MATCHED,True,True,,1.91,3.5,4.2,2324-SP1.csv,26
understat:22710,La_liga,2023/24,2023-08-27,Villarreal,Barcelona,MATCHED,True,True,,3.4,3.6,2.1,2324-SP1.csv,27
understat:22711,La_liga,2023/24,2023-08-27,Valencia,Osasuna,MATCHED,True,True,,1.75,3.4,5.25,2324-SP1.csv,28
understat:22706,La_liga,2023/24,2023-08-27,Athletic Club,Real Betis,MATCHED,True,True,,1.91,3.3,4.0,2324-SP1.csv,29
understat:22713,La_liga,2023/24,2023-08-28,Getafe,Alaves,MATCHED,True,True,,2.45,2.6,3.6,2324-SP1.csv,30
understat:22714,La_liga,2023/24,2023-08-28,Rayo Vallecano,Atletico Madrid,MATCHED,True,True,,3.8,3.3,2.05,2324-SP1.csv,31
understat:22718,La_liga,2023/24,2023-09-01,Cadiz,Villarreal,MATCHED,True,True,,3.2,3.5,2.2,2324-SP1.csv,32
understat:22715,La_liga,2023/24,2023-09-01,Almeria,Celta Vigo,MATCHED,True,True,,2.8,3.3,2.5,2324-SP1.csv,33
understat:22724,La_liga,2023/24,2023-09-02,Real Sociedad,Granada,MATCHED,True,True,,1.4,4.5,8.0,2324-SP1.csv,34
understat:22723,La_liga,2023/24,2023-09-02,Real Madrid,Getafe,MATCHED,True,True,,1.36,4.75,8.5,2324-SP1.csv,35
understat:22720,La_liga,2023/24,2023-09-02,Alaves,Valencia,MATCHED,True,True,,3.2,2.9,2.55,2324-SP1.csv,36
understat:22717,La_liga,2023/24,2023-09-02,Real Betis,Rayo Vallecano,MATCHED,True,True,,2.05,3.3,3.8,2324-SP1.csv,37
understat:22719,La_liga,2023/24,2023-09-03,Girona,Las Palmas,MATCHED,True,True,,1.7,4.0,4.75,2324-SP1.csv,38
understat:22721,La_liga,2023/24,2023-09-03,Mallorca,Athletic Club,MATCHED,True,True,,3.1,2.9,2.55,2324-SP1.csv,39
understat:22722,La_liga,2023/24,2023-09-03,Osasuna,Barcelona,MATCHED,True,True,,6.5,4.5,1.5,2324-SP1.csv,40
understat:22734,La_liga,2023/24,2023-09-15,Rayo Vallecano,Alaves,MATCHED,True,True,,2.0,3.25,4.0,2324-SP1.csv,41
understat:22725,La_liga,2023/24,2023-09-16,Athletic Club,Cadiz,MATCHED,True,True,,1.53,3.8,7.0,2324-SP1.csv,42
understat:22731,La_liga,2023/24,2023-09-16,Valencia,Atletico Madrid,MATCHED,True,True,,3.4,3.25,2.2,2324-SP1.csv,43
understat:22727,La_liga,2023/24,2023-09-16,Celta Vigo,Mallorca,MATCHED,True,True,,2.0,3.1,4.33,2324-SP1.csv,44
understat:22726,La_liga,2023/24,2023-09-16,Barcelona,Real Betis,MATCHED,True,True,,1.3,5.75,8.0,2324-SP1.csv,45
understat:22728,La_liga,2023/24,2023-09-17,Getafe,Osasuna,MATCHED,True,True,,2.6,2.9,3.1,2324-SP1.csv,46
understat:22730,La_liga,2023/24,2023-09-17,Villarreal,Almeria,MATCHED,True,True,,1.5,4.5,5.75,2324-SP1.csv,47
understat:22733,La_liga,2023/24,2023-09-17,Sevilla,Las Palmas,MATCHED,True,True,,1.57,4.2,6.0,2324-SP1.csv,48
understat:22729,La_liga,2023/24,2023-09-17,Real Madrid,Real Sociedad,MATCHED,True,True,,1.73,3.8,4.75,2324-SP1.csv,49
understat:22732,La_liga,2023/24,2023-09-18,Granada,Girona,MATCHED,True,True,,2.88,3.5,2.38,2324-SP1.csv,50
understat:22742,La_liga,2023/24,2023-09-22,Alaves,Athletic Club,MATCHED,True,True,,4.33,3.0,2.05,2324-SP1.csv,51
understat:22739,La_liga,2023/24,2023-09-23,Girona,Mallorca,MATCHED,True,True,,1.91,3.25,4.5,2324-SP1.csv,52
understat:22740,La_liga,2023/24,2023-09-23,Osasuna,Sevilla,MATCHED,True,True,,2.4,3.2,3.1,2324-SP1.csv,53
understat:22737,La_liga,2023/24,2023-09-23,Barcelona,Celta Vigo,MATCHED,True,True,,1.25,6.0,11.0,2324-SP1.csv,54
understat:22735,La_liga,2023/24,2023-09-23,Almeria,Valencia,MATCHED,True,True,,2.63,3.4,2.63,2324-SP1.csv,55
understat:22743,La_liga,2023/24,2023-09-24,Real Sociedad,Getafe,MATCHED,True,True,,1.7,3.25,6.0,2324-SP1.csv,56
understat:22741,La_liga,2023/24,2023-09-24,Rayo Vallecano,Villarreal,MATCHED,True,True,,2.55,3.4,2.7,2324-SP1.csv,57
understat:22738,La_liga,2023/24,2023-09-24,Real Betis,Cadiz,MATCHED,True,True,,1.75,3.5,4.75,2324-SP1.csv,58
understat:22744,La_liga,2023/24,2023-09-24,Las Palmas,Granada,MATCHED,True,True,,1.91,3.6,4.0,2324-SP1.csv,59
understat:22736,La_liga,2023/24,2023-09-24,Atletico Madrid,Real Madrid,MATCHED,True,True,,2.75,3.3,2.6,2324-SP1.csv,60
understat:22747,La_liga,2023/24,2023-09-26,Sevilla,Almeria,MATCHED,True,True,,1.7,3.75,5.0,2324-SP1.csv,61
understat:22749,La_liga,2023/24,2023-09-26,Mallorca,Barcelona,MATCHED,True,True,,7.0,4.33,1.45,2324-SP1.csv,62
understat:22745,La_liga,2023/24,2023-09-27,Athletic Club,Getafe,MATCHED,True,True,,1.5,4.2,6.5,2324-SP1.csv,63
understat:22751,La_liga,2023/24,2023-09-27,Villarreal,Girona,MATCHED,True,True,,2.15,3.75,3.25,2324-SP1.csv,65
understat:22753,La_liga,2023/24,2023-09-27,Real Madrid,Las Palmas,MATCHED,True,True,,1.17,8.0,15.0,2324-SP1.csv,64
understat:22746,La_liga,2023/24,2023-09-27,Cadiz,Rayo Vallecano,MATCHED,True,True,,2.55,3.1,2.9,2324-SP1.csv,66
understat:22752,La_liga,2023/24,2023-09-27,Valencia,Real Sociedad,MATCHED,True,True,,2.5,3.0,3.1,2324-SP1.csv,67
understat:22750,La_liga,2023/24,2023-09-28,Granada,Real Betis,MATCHED,True,True,,2.8,3.3,2.55,2324-SP1.csv,69
understat:22754,La_liga,2023/24,2023-09-28,Celta Vigo,Alaves,MATCHED,True,True,,1.57,3.75,6.5,2324-SP1.csv,68
understat:22748,La_liga,2023/24,2023-09-28,Osasuna,Atletico Madrid,MATCHED,True,True,,3.8,3.4,2.0,2324-SP1.csv,70
understat:22757,La_liga,2023/24,2023-09-29,Barcelona,Sevilla,MATCHED,True,True,,1.33,5.0,8.5,2324-SP1.csv,71
understat:22759,La_liga,2023/24,2023-09-30,Getafe,Villarreal,MATCHED,True,True,,2.75,3.0,2.75,2324-SP1.csv,72
understat:22764,La_liga,2023/24,2023-09-30,Rayo Vallecano,Mallorca,MATCHED,True,True,,1.95,3.2,4.2,2324-SP1.csv,73
understat:22760,La_liga,2023/24,2023-09-30,Girona,Real Madrid,MATCHED,True,True,,3.75,4.0,1.85,2324-SP1.csv,74
understat:22762,La_liga,2023/24,2023-09-30,Real Sociedad,Athletic Club,MATCHED,True,True,,2.2,3.1,3.6,2324-SP1.csv,75
understat:22755,La_liga,2023/24,2023-10-01,Almeria,Granada,MATCHED,True,True,,1.91,3.75,3.8,2324-SP1.csv,76
understat:22761,La_liga,2023/24,2023-10-01,Alaves,Osasuna,MATCHED,True,True,,2.5,3.0,3.1,2324-SP1.csv,77
understat:22756,La_liga,2023/24,2023-10-01,Atletico Madrid,Cadiz,MATCHED,True,True,,1.33,5.5,9.0,2324-SP1.csv,78
understat:22758,La_liga,2023/24,2023-10-01,Real Betis,Valencia,MATCHED,True,True,,2.05,3.25,4.0,2324-SP1.csv,79
understat:22763,La_liga,2023/24,2023-10-02,Las Palmas,Celta Vigo,MATCHED,True,True,,2.8,3.1,2.6,2324-SP1.csv,80
understat:22770,La_liga,2023/24,2023-10-06,Athletic Club,Almeria,MATCHED,True,True,,1.3,5.75,8.5,2324-SP1.csv,81
understat:22766,La_liga,2023/24,2023-10-07,Cadiz,Girona,MATCHED,True,True,,3.3,3.4,2.2,2324-SP1.csv,82
understat:22772,La_liga,2023/24,2023-10-07,Real Madrid,Osasuna,MATCHED,True,True,,1.29,6.5,8.5,2324-SP1.csv,83
understat:22768,La_liga,2023/24,2023-10-07,Mallorca,Valencia,MATCHED,True,True,,2.45,2.9,3.2,2324-SP1.csv,84
understat:22773,La_liga,2023/24,2023-10-07,Sevilla,Rayo Vallecano,MATCHED,True,True,,1.8,3.75,4.33,2324-SP1.csv,85
understat:22774,La_liga,2023/24,2023-10-08,Villarreal,Las Palmas,MATCHED,True,True,,1.65,4.0,5.25,2324-SP1.csv,86
understat:22765,La_liga,2023/24,2023-10-08,Atletico Madrid,Real Sociedad,MATCHED,True,True,,1.95,3.25,4.2,2324-SP1.csv,87
understat:22767,La_liga,2023/24,2023-10-08,Celta Vigo,Getafe,MATCHED,True,True,,2.0,3.25,4.2,2324-SP1.csv,89
understat:22769,La_liga,2023/24,2023-10-08,Alaves,Real Betis,MATCHED,True,True,,2.45,3.2,3.0,2324-SP1.csv,88
understat:22771,La_liga,2023/24,2023-10-08,Granada,Barcelona,MATCHED,True,True,,6.5,5.25,1.4,2324-SP1.csv,90
understat:22783,La_liga,2023/24,2023-10-20,Osasuna,Granada,MATCHED,True,True,,1.65,3.8,5.5,2324-SP1.csv,91
understat:22781,La_liga,2023/24,2023-10-21,Real Sociedad,Mallorca,MATCHED,True,True,,1.65,3.5,6.0,2324-SP1.csv,92
understat:22779,La_liga,2023/24,2023-10-21,Getafe,Real Betis,MATCHED,True,True,,2.45,3.0,3.25,2324-SP1.csv,93
understat:22782,La_liga,2023/24,2023-10-21,Sevilla,Real Madrid,MATCHED,True,True,,4.75,4.0,1.73,2324-SP1.csv,94
understat:22778,La_liga,2023/24,2023-10-21,Celta Vigo,Atletico Madrid,MATCHED,True,True,,3.3,3.5,2.15,2324-SP1.csv,95
understat:22775,La_liga,2023/24,2023-10-22,Las Palmas,Rayo Vallecano,MATCHED,True,True,,2.55,3.0,3.0,2324-SP1.csv,96
understat:22776,La_liga,2023/24,2023-10-22,Girona,Almeria,MATCHED,True,True,,1.36,5.0,8.0,2324-SP1.csv,97
understat:22784,La_liga,2023/24,2023-10-22,Villarreal,Alaves,MATCHED,True,True,,2.0,3.4,3.8,2324-SP1.csv,98
understat:22777,La_liga,2023/24,2023-10-22,Barcelona,Athletic Club,MATCHED,True,True,,1.85,3.75,4.0,2324-SP1.csv,99
understat:22780,La_liga,2023/24,2023-10-23,Valencia,Cadiz,MATCHED,True,True,,1.67,3.6,5.5,2324-SP1.csv,100
understat:22792,La_liga,2023/24,2023-10-27,Girona,Celta Vigo,MATCHED,True,True,,1.7,4.0,4.5,2324-SP1.csv,101
understat:22785,La_liga,2023/24,2023-10-28,Almeria,Las Palmas,MATCHED,True,True,,2.25,3.4,3.2,2324-SP1.csv,102
understat:22787,La_liga,2023/24,2023-10-28,Barcelona,Real Madrid,MATCHED,True,True,,2.5,3.4,2.7,2324-SP1.csv,103
understat:22793,La_liga,2023/24,2023-10-28,Mallorca,Getafe,MATCHED,True,True,,2.25,3.0,3.6,2324-SP1.csv,104
understat:22789,La_liga,2023/24,2023-10-28,Cadiz,Sevilla,MATCHED,True,True,,3.8,3.25,2.05,2324-SP1.csv,105
understat:22788,La_liga,2023/24,2023-10-29,Real Betis,Osasuna,MATCHED,True,True,,1.95,3.3,4.2,2324-SP1.csv,106
understat:22790,La_liga,2023/24,2023-10-29,Rayo Vallecano,Real Sociedad,MATCHED,True,True,,3.3,3.1,2.3,2324-SP1.csv,107
understat:22786,La_liga,2023/24,2023-10-29,Athletic Club,Valencia,MATCHED,True,True,,1.62,4.0,5.75,2324-SP1.csv,108
understat:22794,La_liga,2023/24,2023-10-29,Atletico Madrid,Alaves,MATCHED,True,True,,1.44,4.5,7.5,2324-SP1.csv,109
understat:22791,La_liga,2023/24,2023-10-30,Granada,Villarreal,MATCHED,True,True,,3.0,3.5,2.3,2324-SP1.csv,110
understat:22799,La_liga,2023/24,2023-11-03,Las Palmas,Atletico Madrid,MATCHED,True,True,,5.25,3.6,1.7,2324-SP1.csv,111
understat:22802,La_liga,2023/24,2023-11-04,Osasuna,Girona,MATCHED,True,True,,2.9,3.3,2.45,2324-SP1.csv,112
understat:22795,La_liga,2023/24,2023-11-04,Real Betis,Mallorca,MATCHED,True,True,,1.91,3.3,4.5,2324-SP1.csv,113
understat:22796,La_liga,2023/24,2023-11-04,Celta Vigo,Sevilla,MATCHED,True,True,,2.38,3.4,3.1,2324-SP1.csv,114
understat:22800,La_liga,2023/24,2023-11-04,Real Sociedad,Barcelona,MATCHED,True,True,,3.25,3.4,2.2,2324-SP1.csv,115
understat:22797,La_liga,2023/24,2023-11-05,Alaves,Almeria,MATCHED,True,True,,1.7,3.75,5.0,2324-SP1.csv,116
understat:22804,La_liga,2023/24,2023-11-05,Valencia,Granada,MATCHED,True,True,,1.6,4.2,5.25,2324-SP1.csv,117
understat:22798,La_liga,2023/24,2023-11-05,Villarreal,Athletic Club,MATCHED,True,True,,3.75,3.8,1.91,2324-SP1.csv,118
understat:22803,La_liga,2023/24,2023-11-05,Real Madrid,Rayo Vallecano,MATCHED,True,True,,1.22,6.5,12.0,2324-SP1.csv,119
understat:22801,La_liga,2023/24,2023-11-06,Getafe,Cadiz,MATCHED,True,True,,2.0,3.0,4.33,2324-SP1.csv,120
understat:22806,La_liga,2023/24,2023-11-10,Athletic Club,Celta Vigo,MATCHED,True,True,,1.67,3.8,4.75,2324-SP1.csv,121
understat:22812,La_liga,2023/24,2023-11-11,Rayo Vallecano,Girona,MATCHED,True,True,,2.88,3.4,2.45,2324-SP1.csv,122
understat:22805,La_liga,2023/24,2023-11-11,Almeria,Real Sociedad,MATCHED,True,True,,4.2,3.6,1.8,2324-SP1.csv,123
understat:22811,La_liga,2023/24,2023-11-11,Granada,Getafe,MATCHED,True,True,,2.45,3.1,3.1,2324-SP1.csv,124
understat:22813,La_liga,2023/24,2023-11-11,Osasuna,Las Palmas,MATCHED,True,True,,1.91,3.2,4.5,2324-SP1.csv,125
understat:22808,La_liga,2023/24,2023-11-11,Real Madrid,Valencia,MATCHED,True,True,,1.33,5.75,7.5,2324-SP1.csv,126
understat:22814,La_liga,2023/24,2023-11-12,Barcelona,Alaves,MATCHED,True,True,,1.25,6.5,9.5,2324-SP1.csv,127
understat:22809,La_liga,2023/24,2023-11-12,Sevilla,Real Betis,MATCHED,True,True,,2.15,3.5,3.3,2324-SP1.csv,128
understat:22807,La_liga,2023/24,2023-11-12,Atletico Madrid,Villarreal,MATCHED,True,True,,1.33,5.75,8.0,2324-SP1.csv,129
understat:22819,La_liga,2023/24,2023-11-24,Alaves,Granada,MATCHED,True,True,,1.7,3.6,5.25,2324-SP1.csv,130
understat:22822,La_liga,2023/24,2023-11-25,Rayo Vallecano,Barcelona,MATCHED,True,True,,5.0,4.0,1.67,2324-SP1.csv,131
understat:22823,La_liga,2023/24,2023-11-25,Valencia,Celta Vigo,MATCHED,True,True,,2.25,3.25,3.4,2324-SP1.csv,132
understat:22820,La_liga,2023/24,2023-11-25,Getafe,Almeria,MATCHED,True,True,,1.73,3.6,5.0,2324-SP1.csv,133
understat:22815,La_liga,2023/24,2023-11-25,Atletico Madrid,Mallorca,MATCHED,True,True,,1.36,5.0,8.0,2324-SP1.csv,134
understat:22824,La_liga,2023/24,2023-11-26,Villarreal,Osasuna,MATCHED,True,True,,2.15,3.5,3.3,2324-SP1.csv,135
understat:22818,La_liga,2023/24,2023-11-26,Real Sociedad,Sevilla,MATCHED,True,True,,1.57,3.8,5.75,2324-SP1.csv,136
understat:22817,La_liga,2023/24,2023-11-26,Cadiz,Real Madrid,MATCHED,True,True,,6.5,4.75,1.45,2324-SP1.csv,137
understat:22816,La_liga,2023/24,2023-11-26,Real Betis,Las Palmas,MATCHED,True,True,,1.67,3.75,5.75,2324-SP1.csv,138
understat:22821,La_liga,2023/24,2023-11-27,Girona,Athletic Club,MATCHED,True,True,,2.2,3.6,3.1,2324-SP1.csv,139
understat:22810,La_liga,2023/24,2023-11-29,Mallorca,Cadiz,MATCHED,True,True,,1.83,3.3,4.75,2324-SP1.csv,140
understat:22832,La_liga,2023/24,2023-12-01,Las Palmas,Getafe,MATCHED,True,True,,2.38,2.88,3.4,2324-SP1.csv,141
understat:22827,La_liga,2023/24,2023-12-02,Girona,Valencia,MATCHED,True,True,,1.62,4.0,5.25,2324-SP1.csv,142
understat:22826,La_liga,2023/24,2023-12-02,Athletic Club,Rayo Vallecano,MATCHED,True,True,,1.44,4.75,7.0,2324-SP1.csv,143
understat:22833,La_liga,2023/24,2023-12-02,Real Madrid,Granada,MATCHED,True,True,,1.17,7.5,13.0,2324-SP1.csv,144
understat:22828,La_liga,2023/24,2023-12-02,Osasuna,Real Sociedad,MATCHED,True,True,,3.8,3.1,2.15,2324-SP1.csv,145
understat:22834,La_liga,2023/24,2023-12-03,Mallorca,Alaves,MATCHED,True,True,,2.6,2.9,3.1,2324-SP1.csv,146
understat:22825,La_liga,2023/24,2023-12-03,Almeria,Real Betis,MATCHED,True,True,,3.6,3.75,1.95,2324-SP1.csv,147
understat:22829,La_liga,2023/24,2023-12-03,Sevilla,Villarreal,MATCHED,True,True,,1.91,3.75,3.75,2324-SP1.csv,148
understat:22830,La_liga,2023/24,2023-12-03,Barcelona,Atletico Madrid,MATCHED,True,True,,1.91,4.0,3.75,2324-SP1.csv,149
understat:22831,La_liga,2023/24,2023-12-04,Celta Vigo,Cadiz,MATCHED,True,True,,1.53,4.0,6.5,2324-SP1.csv,150
understat:22838,La_liga,2023/24,2023-12-08,Getafe,Valencia,MATCHED,True,True,,2.6,2.9,3.1,2324-SP1.csv,151
understat:22840,La_liga,2023/24,2023-12-09,Alaves,Las Palmas,MATCHED,True,True,,2.0,3.1,4.33,2324-SP1.csv,152
understat:22836,La_liga,2023/24,2023-12-09,Real Betis,Real Madrid,MATCHED,True,True,,4.5,4.0,1.7,2324-SP1.csv,153
understat:22844,La_liga,2023/24,2023-12-09,Villarreal,Real Sociedad,MATCHED,True,True,,3.3,3.5,2.15,2324-SP1.csv,154
understat:22839,La_liga,2023/24,2023-12-09,Mallorca,Sevilla,MATCHED,True,True,,2.55,3.0,3.0,2324-SP1.csv,155
understat:22841,La_liga,2023/24,2023-12-10,Atletico Madrid,Almeria,MATCHED,True,True,,1.2,7.0,12.0,2324-SP1.csv,156
understat:22837,La_liga,2023/24,2023-12-10,Cadiz,Osasuna,MATCHED,True,True,,2.75,3.1,2.7,2324-SP1.csv,157
understat:22835,La_liga,2023/24,2023-12-10,Barcelona,Girona,MATCHED,True,True,,1.45,5.25,5.5,2324-SP1.csv,158
understat:22843,La_liga,2023/24,2023-12-11,Rayo Vallecano,Celta Vigo,MATCHED,True,True,,2.7,3.1,2.8,2324-SP1.csv,160
understat:22842,La_liga,2023/24,2023-12-12,Granada,Athletic Club,UNMATCHED,,False,UNMATCHED;EXISTING_MODEL_REVIEW_EXCLUSION,,,,,
understat:22848,La_liga,2023/24,2023-12-15,Osasuna,Rayo Vallecano,MATCHED,True,True,,2.2,3.2,3.4,2324-SP1.csv,161
understat:22847,La_liga,2023/24,2023-12-16,Celta Vigo,Granada,MATCHED,True,True,,1.67,4.0,5.0,2324-SP1.csv,162
understat:22846,La_liga,2023/24,2023-12-16,Athletic Club,Atletico Madrid,MATCHED,True,True,,2.55,3.3,2.8,2324-SP1.csv,163
understat:22853,La_liga,2023/24,2023-12-16,Sevilla,Getafe,MATCHED,True,True,,1.75,3.5,4.75,2324-SP1.csv,164
understat:22850,La_liga,2023/24,2023-12-16,Valencia,Barcelona,MATCHED,True,True,,5.75,4.5,1.5,2324-SP1.csv,165
understat:22845,La_liga,2023/24,2023-12-17,Almeria,Mallorca,MATCHED,True,True,,2.38,3.2,3.3,2324-SP1.csv,166
understat:22851,La_liga,2023/24,2023-12-17,Real Sociedad,Real Betis,MATCHED,True,True,,1.57,4.2,5.5,2324-SP1.csv,167
understat:22852,La_liga,2023/24,2023-12-17,Las Palmas,Cadiz,MATCHED,True,True,,1.95,3.25,4.2,2324-SP1.csv,168
understat:22849,La_liga,2023/24,2023-12-17,Real Madrid,Villarreal,MATCHED,True,True,,1.25,6.5,10.0,2324-SP1.csv,169
understat:22854,La_liga,2023/24,2023-12-18,Girona,Alaves,MATCHED,True,True,,1.6,4.0,5.25,2324-SP1.csv,170
understat:22860,La_liga,2023/24,2023-12-19,Rayo Vallecano,Valencia,MATCHED,True,True,,2.25,3.2,3.4,2324-SP1.csv,171
understat:22856,La_liga,2023/24,2023-12-19,Atletico Madrid,Getafe,MATCHED,True,True,,1.5,4.5,7.0,2324-SP1.csv,172
understat:22861,La_liga,2023/24,2023-12-19,Granada,Sevilla,MATCHED,True,True,,3.0,3.2,2.45,2324-SP1.csv,173
understat:22863,La_liga,2023/24,2023-12-20,Barcelona,Almeria,MATCHED,True,True,,1.17,8.0,15.0,2324-SP1.csv,174
understat:22855,La_liga,2023/24,2023-12-20,Athletic Club,Las Palmas,MATCHED,True,True,,1.36,5.25,7.5,2324-SP1.csv,175
understat:22864,La_liga,2023/24,2023-12-20,Villarreal,Celta Vigo,MATCHED,True,True,,2.3,3.5,3.0,2324-SP1.csv,176
understat:22857,La_liga,2023/24,2023-12-21,Real Betis,Girona,MATCHED,True,True,,2.55,3.6,2.6,2324-SP1.csv,177
understat:22858,La_liga,2023/24,2023-12-21,Cadiz,Real Sociedad,MATCHED,True,True,,6.0,3.5,1.65,2324-SP1.csv,178
understat:22859,La_liga,2023/24,2023-12-21,Mallorca,Osasuna,MATCHED,True,True,,2.2,2.9,4.0,2324-SP1.csv,180
understat:22862,La_liga,2023/24,2023-12-21,Alaves,Real Madrid,MATCHED,True,True,,5.25,4.0,1.6,2324-SP1.csv,179
understat:22716,La_liga,2023/24,2023-12-23,Atletico Madrid,Sevilla,MATCHED,True,True,,1.57,4.2,5.75,2324-SP1.csv,181
understat:22865,La_liga,2023/24,2024-01-02,Getafe,Rayo Vallecano,MATCHED,True,True,,2.3,3.0,3.5,2324-SP1.csv,182
understat:22874,La_liga,2023/24,2024-01-02,Real Sociedad,Alaves,MATCHED,True,True,,1.5,4.0,7.5,2324-SP1.csv,183
understat:22866,La_liga,2023/24,2024-01-02,Valencia,Villarreal,MATCHED,True,True,,2.2,3.4,3.3,2324-SP1.csv,184
understat:22872,La_liga,2023/24,2024-01-03,Granada,Cadiz,MATCHED,True,True,,2.2,3.1,3.75,2324-SP1.csv,185
understat:22871,La_liga,2023/24,2024-01-03,Celta Vigo,Real Betis,MATCHED,True,True,,2.15,3.2,3.5,2324-SP1.csv,186
understat:22873,La_liga,2023/24,2024-01-03,Real Madrid,Mallorca,MATCHED,True,True,,1.2,6.5,15.0,2324-SP1.csv,187
understat:22869,La_liga,2023/24,2024-01-03,Girona,Atletico Madrid,MATCHED,True,True,,2.55,3.75,2.5,2324-SP1.csv,188
understat:22867,La_liga,2023/24,2024-01-04,Osasuna,Almeria,MATCHED,True,True,,1.7,3.8,5.0,2324-SP1.csv,189
understat:22868,La_liga,2023/24,2024-01-04,Sevilla,Athletic Club,MATCHED,True,True,,2.9,3.3,2.45,2324-SP1.csv,190
understat:22870,La_liga,2023/24,2024-01-04,Las Palmas,Barcelona,MATCHED,True,True,,6.0,4.75,1.5,2324-SP1.csv,191
understat:22884,La_liga,2023/24,2024-01-12,Sevilla,Alaves,MATCHED,True,True,,2.0,3.3,3.8,2324-SP1.csv,192
understat:22882,La_liga,2023/24,2024-01-13,Las Palmas,Villarreal,MATCHED,True,True,,2.6,3.4,2.63,2324-SP1.csv,193
understat:22883,La_liga,2023/24,2024-01-13,Mallorca,Celta Vigo,MATCHED,True,True,,2.3,3.0,3.5,2324-SP1.csv,194
understat:22876,La_liga,2023/24,2024-01-13,Athletic Club,Real Sociedad,MATCHED,True,True,,2.1,3.1,4.0,2324-SP1.csv,195
understat:22879,La_liga,2023/24,2024-01-13,Real Betis,Granada,MATCHED,True,True,,1.7,3.75,5.0,2324-SP1.csv,196
understat:22875,La_liga,2023/24,2024-01-14,Almeria,Girona,MATCHED,True,True,,3.6,3.75,1.95,2324-SP1.csv,197
understat:22880,La_liga,2023/24,2024-01-14,Cadiz,Valencia,MATCHED,True,True,,3.0,2.88,2.63,2324-SP1.csv,198
understat:22887,La_liga,2023/24,2024-01-19,Alaves,Cadiz,MATCHED,True,True,,1.62,3.75,6.5,2324-SP1.csv,199
understat:22894,La_liga,2023/24,2024-01-20,Rayo Vallecano,Las Palmas,MATCHED,True,True,,1.7,3.5,5.5,2324-SP1.csv,200
understat:22893,La_liga,2023/24,2024-01-20,Villarreal,Mallorca,MATCHED,True,True,,2.05,3.5,3.6,2324-SP1.csv,201
understat:22889,La_liga,2023/24,2024-01-20,Valencia,Athletic Club,MATCHED,True,True,,3.4,3.25,2.25,2324-SP1.csv,202
understat:22885,La_liga,2023/24,2024-01-20,Celta Vigo,Real Sociedad,MATCHED,True,True,,2.5,2.8,3.3,2324-SP1.csv,203
understat:22892,La_liga,2023/24,2024-01-21,Osasuna,Getafe,MATCHED,True,True,,2.4,2.8,3.6,2324-SP1.csv,204
understat:22888,La_liga,2023/24,2024-01-21,Real Madrid,Almeria,MATCHED,True,True,,1.13,10.0,19.0,2324-SP1.csv,205
understat:22891,La_liga,2023/24,2024-01-21,Real Betis,Barcelona,MATCHED,True,True,,4.0,4.0,1.8,2324-SP1.csv,206
understat:22886,La_liga,2023/24,2024-01-21,Girona,Sevilla,MATCHED,True,True,,1.8,4.0,4.0,2324-SP1.csv,207
understat:22890,La_liga,2023/24,2024-01-22,Granada,Atletico Madrid,MATCHED,True,True,,4.75,4.0,1.65,2324-SP1.csv,208
understat:22904,La_liga,2023/24,2024-01-26,Almeria,Alaves,MATCHED,True,True,,2.8,3.1,2.7,2324-SP1.csv,209
understat:22903,La_liga,2023/24,2024-01-27,Real Sociedad,Rayo Vallecano,MATCHED,True,True,,1.8,3.3,5.25,2324-SP1.csv,210
understat:22899,La_liga,2023/24,2024-01-27,Las Palmas,Real Madrid,MATCHED,True,True,,6.5,4.75,1.44,2324-SP1.csv,211
understat:22896,La_liga,2023/24,2024-01-27,Barcelona,Villarreal,MATCHED,True,True,,1.36,5.75,8.0,2324-SP1.csv,212
understat:22901,La_liga,2023/24,2024-01-27,Mallorca,Real Betis,MATCHED,True,True,,2.25,3.1,3.6,2324-SP1.csv,213
understat:22897,La_liga,2023/24,2024-01-28,Celta Vigo,Girona,MATCHED,True,True,,2.75,3.4,2.55,2324-SP1.csv,214
understat:22900,La_liga,2023/24,2024-01-28,Cadiz,Athletic Club,MATCHED,True,True,,4.5,3.3,1.85,2324-SP1.csv,215
understat:22902,La_liga,2023/24,2024-01-28,Sevilla,Osasuna,MATCHED,True,True,,2.1,3.25,3.75,2324-SP1.csv,216
understat:22895,La_liga,2023/24,2024-01-28,Atletico Madrid,Valencia,MATCHED,True,True,,1.57,4.0,6.0,2324-SP1.csv,217
understat:22898,La_liga,2023/24,2024-01-29,Getafe,Granada,MATCHED,True,True,,1.83,3.4,4.5,2324-SP1.csv,218
understat:22878,La_liga,2023/24,2024-01-31,Barcelona,Osasuna,MATCHED,True,True,,1.33,5.0,9.5,2324-SP1.csv,219
understat:22877,La_liga,2023/24,2024-01-31,Atletico Madrid,Rayo Vallecano,MATCHED,True,True,,1.62,3.75,5.75,2324-SP1.csv,220
understat:22881,La_liga,2023/24,2024-02-01,Getafe,Real Madrid,MATCHED,True,True,,6.0,3.8,1.6,2324-SP1.csv,221
understat:22905,La_liga,2023/24,2024-02-02,Athletic Club,Mallorca,MATCHED,True,True,,1.5,3.8,7.0,2324-SP1.csv,222
understat:22911,La_liga,2023/24,2024-02-03,Valencia,Almeria,MATCHED,True,True,,1.7,3.75,5.25,2324-SP1.csv,223
understat:22909,La_liga,2023/24,2024-02-03,Granada,Las Palmas,MATCHED,True,True,,2.15,3.3,3.6,2324-SP1.csv,224
understat:22910,La_liga,2023/24,2024-02-03,Alaves,Barcelona,MATCHED,True,True,,4.0,3.5,1.91,2324-SP1.csv,225
understat:22907,La_liga,2023/24,2024-02-03,Girona,Real Sociedad,MATCHED,True,True,,2.0,3.4,3.8,2324-SP1.csv,226
understat:22913,La_liga,2023/24,2024-02-04,Villarreal,Cadiz,MATCHED,True,True,,1.57,4.2,5.5,2324-SP1.csv,227
understat:22914,La_liga,2023/24,2024-02-04,Osasuna,Celta Vigo,MATCHED,True,True,,2.15,3.1,3.75,2324-SP1.csv,228
understat:22906,La_liga,2023/24,2024-02-04,Real Betis,Getafe,MATCHED,True,True,,2.05,3.2,4.2,2324-SP1.csv,229
understat:22912,La_liga,2023/24,2024-02-04,Real Madrid,Atletico Madrid,MATCHED,True,True,,1.67,4.2,4.75,2324-SP1.csv,230
understat:22908,La_liga,2023/24,2024-02-05,Rayo Vallecano,Sevilla,MATCHED,True,True,,2.1,3.4,3.6,2324-SP1.csv,231
understat:22921,La_liga,2023/24,2024-02-09,Cadiz,Real Betis,MATCHED,True,True,,3.0,3.0,2.6,2324-SP1.csv,232
understat:22919,La_liga,2023/24,2024-02-10,Alaves,Villarreal,MATCHED,True,True,,2.2,3.4,3.3,2324-SP1.csv,233
understat:22924,La_liga,2023/24,2024-02-10,Real Sociedad,Osasuna,MATCHED,True,True,,1.73,3.3,5.75,2324-SP1.csv,234
understat:22923,La_liga,2023/24,2024-02-10,Real Madrid,Girona,MATCHED,True,True,,1.4,5.5,6.0,2324-SP1.csv,235
understat:22918,La_liga,2023/24,2024-02-10,Las Palmas,Valencia,MATCHED,True,True,,2.55,3.0,3.2,2324-SP1.csv,236
understat:22922,La_liga,2023/24,2024-02-11,Getafe,Celta Vigo,MATCHED,True,True,,2.1,3.1,3.75,2324-SP1.csv,237
understat:22917,La_liga,2023/24,2024-02-11,Mallorca,Rayo Vallecano,MATCHED,True,True,,2.5,2.75,3.4,2324-SP1.csv,238
understat:22920,La_liga,2023/24,2024-02-11,Sevilla,Atletico Madrid,MATCHED,True,True,,3.6,3.5,2.05,2324-SP1.csv,239
understat:22916,La_liga,2023/24,2024-02-11,Barcelona,Granada,MATCHED,True,True,,1.18,8.0,13.0,2324-SP1.csv,240
understat:22915,La_liga,2023/24,2024-02-12,Almeria,Athletic Club,MATCHED,True,True,,4.5,3.6,1.8,2324-SP1.csv,241
understat:22932,La_liga,2023/24,2024-02-16,Villarreal,Getafe,MATCHED,True,True,,2.05,3.4,3.6,2324-SP1.csv,242
understat:22926,La_liga,2023/24,2024-02-17,Atletico Madrid,Las Palmas,MATCHED,True,True,,1.45,4.33,6.5,2324-SP1.csv,243
understat:22931,La_liga,2023/24,2024-02-17,Osasuna,Cadiz,MATCHED,True,True,,1.8,3.25,5.25,2324-SP1.csv,244
understat:22930,La_liga,2023/24,2024-02-17,Celta Vigo,Barcelona,MATCHED,True,True,,3.75,3.75,1.91,2324-SP1.csv,245
understat:22933,La_liga,2023/24,2024-02-17,Valencia,Sevilla,MATCHED,True,True,,2.25,3.2,3.4,2324-SP1.csv,246
understat:22928,La_liga,2023/24,2024-02-18,Rayo Vallecano,Real Madrid,MATCHED,True,True,,5.0,4.0,1.67,2324-SP1.csv,247
understat:22929,La_liga,2023/24,2024-02-18,Granada,Almeria,MATCHED,True,True,,2.25,3.4,3.2,2324-SP1.csv,248
understat:22927,La_liga,2023/24,2024-02-18,Mallorca,Real Sociedad,MATCHED,True,True,,3.6,2.88,2.3,2324-SP1.csv,249
understat:22934,La_liga,2023/24,2024-02-18,Real Betis,Alaves,MATCHED,True,True,,2.4,3.1,3.25,2324-SP1.csv,250
understat:22925,La_liga,2023/24,2024-02-19,Athletic Club,Girona,MATCHED,True,True,,1.83,3.6,4.33,2324-SP1.csv,251
understat:22940,La_liga,2023/24,2024-02-23,Real Sociedad,Villarreal,MATCHED,True,True,,1.62,4.0,5.5,2324-SP1.csv,252
understat:22936,La_liga,2023/24,2024-02-24,Barcelona,Getafe,MATCHED,True,True,,1.4,5.0,7.0,2324-SP1.csv,253
understat:22943,La_liga,2023/24,2024-02-24,Alaves,Mallorca,MATCHED,True,True,,1.91,3.0,5.25,2324-SP1.csv,254
understat:22935,La_liga,2023/24,2024-02-24,Almeria,Atletico Madrid,MATCHED,True,True,,4.75,4.0,1.7,2324-SP1.csv,255
understat:22937,La_liga,2023/24,2024-02-25,Cadiz,Celta Vigo,MATCHED,True,True,,3.2,3.0,2.5,2324-SP1.csv,256
understat:22944,La_liga,2023/24,2024-02-25,Real Betis,Athletic Club,MATCHED,True,True,,3.75,3.25,2.1,2324-SP1.csv,257
understat:22942,La_liga,2023/24,2024-02-25,Las Palmas,Osasuna,MATCHED,True,True,,2.5,2.88,3.4,2324-SP1.csv,258
understat:22939,La_liga,2023/24,2024-02-25,Real Madrid,Sevilla,MATCHED,True,True,,1.29,6.0,9.5,2324-SP1.csv,259
understat:22938,La_liga,2023/24,2024-02-26,Girona,Rayo Vallecano,MATCHED,True,True,,1.62,4.0,5.25,2324-SP1.csv,260
understat:22948,La_liga,2023/24,2024-03-01,Celta Vigo,Almeria,MATCHED,True,True,,1.8,3.75,4.33,2324-SP1.csv,261
understat:22952,La_liga,2023/24,2024-03-02,Sevilla,Real Sociedad,MATCHED,True,True,,2.63,2.9,3.0,2324-SP1.csv,262
understat:22949,La_liga,2023/24,2024-03-02,Rayo Vallecano,Cadiz,MATCHED,True,True,,1.73,3.4,5.5,2324-SP1.csv,263
understat:22947,La_liga,2023/24,2024-03-02,Getafe,Las Palmas,MATCHED,True,True,,2.05,3.2,4.0,2324-SP1.csv,264
understat:22951,La_liga,2023/24,2024-03-02,Valencia,Real Madrid,MATCHED,True,True,,5.5,4.0,1.62,2324-SP1.csv,265
understat:22953,La_liga,2023/24,2024-03-03,Villarreal,Granada,MATCHED,True,True,,1.73,3.8,4.75,2324-SP1.csv,266
understat:22946,La_liga,2023/24,2024-03-03,Atletico Madrid,Real Betis,MATCHED,True,True,,1.53,4.2,6.5,2324-SP1.csv,267
understat:22950,La_liga,2023/24,2024-03-03,Mallorca,Girona,MATCHED,True,True,,3.5,3.25,2.15,2324-SP1.csv,268
understat:22945,La_liga,2023/24,2024-03-03,Athletic Club,Barcelona,MATCHED,True,True,,3.2,3.5,2.25,2324-SP1.csv,269
understat:22954,La_liga,2023/24,2024-03-04,Osasuna,Alaves,MATCHED,True,True,,2.3,3.0,3.5,2324-SP1.csv,270
understat:22956,La_liga,2023/24,2024-03-08,Barcelona,Mallorca,MATCHED,True,True,,1.44,4.5,7.0,2324-SP1.csv,271
understat:22964,La_liga,2023/24,2024-03-09,Valencia,Getafe,MATCHED,True,True,,1.83,3.1,5.25,2324-SP1.csv,272
understat:22962,La_liga,2023/24,2024-03-09,Cadiz,Atletico Madrid,MATCHED,True,True,,4.5,3.6,1.75,2324-SP1.csv,273
understat:22959,La_liga,2023/24,2024-03-09,Granada,Real Sociedad,MATCHED,True,True,,4.75,3.2,1.91,2324-SP1.csv,274
understat:22958,La_liga,2023/24,2024-03-09,Girona,Osasuna,MATCHED,True,True,,1.5,4.5,5.75,2324-SP1.csv,275
understat:22960,La_liga,2023/24,2024-03-10,Alaves,Rayo Vallecano,MATCHED,True,True,,2.1,3.0,4.0,2324-SP1.csv,276
understat:22961,La_liga,2023/24,2024-03-10,Las Palmas,Athletic Club,MATCHED,True,True,,4.75,3.5,1.8,2324-SP1.csv,277
understat:22963,La_liga,2023/24,2024-03-10,Real Madrid,Celta Vigo,MATCHED,True,True,,1.33,5.25,8.5,2324-SP1.csv,278
understat:22957,La_liga,2023/24,2024-03-10,Real Betis,Villarreal,MATCHED,True,True,,2.1,3.5,3.3,2324-SP1.csv,279
understat:22955,La_liga,2023/24,2024-03-11,Almeria,Sevilla,MATCHED,True,True,,3.4,3.3,2.15,2324-SP1.csv,280
understat:22970,La_liga,2023/24,2024-03-15,Real Sociedad,Cadiz,MATCHED,True,True,,1.44,4.2,10.0,2324-SP1.csv,281
understat:22973,La_liga,2023/24,2024-03-16,Mallorca,Granada,MATCHED,True,True,,1.8,3.3,5.25,2324-SP1.csv,282
understat:22967,La_liga,2023/24,2024-03-16,Osasuna,Real Madrid,MATCHED,True,True,,6.5,4.5,1.5,2324-SP1.csv,283
understat:22966,La_liga,2023/24,2024-03-16,Getafe,Girona,MATCHED,True,True,,3.6,3.4,2.05,2324-SP1.csv,284
understat:22974,La_liga,2023/24,2024-03-16,Athletic Club,Alaves,MATCHED,True,True,,1.6,3.6,6.5,2324-SP1.csv,285
understat:22971,La_liga,2023/24,2024-03-17,Sevilla,Celta Vigo,MATCHED,True,True,,1.95,3.5,4.0,2324-SP1.csv,286
understat:22972,La_liga,2023/24,2024-03-17,Villarreal,Valencia,MATCHED,True,True,,2.2,3.3,3.3,2324-SP1.csv,288
understat:22968,La_liga,2023/24,2024-03-17,Las Palmas,Almeria,MATCHED,True,True,,1.75,4.0,4.5,2324-SP1.csv,287
understat:22969,La_liga,2023/24,2024-03-17,Rayo Vallecano,Real Betis,MATCHED,True,True,,2.5,3.0,3.1,2324-SP1.csv,289
understat:22965,La_liga,2023/24,2024-03-17,Atletico Madrid,Barcelona,MATCHED,True,True,,2.2,3.6,3.2,2324-SP1.csv,290
understat:22977,La_liga,2023/24,2024-03-29,Cadiz,Granada,MATCHED,True,True,,1.91,3.25,4.75,2324-SP1.csv,291
understat:22979,La_liga,2023/24,2024-03-30,Getafe,Sevilla,MATCHED,True,True,,2.63,3.0,3.0,2324-SP1.csv,292
understat:22975,La_liga,2023/24,2024-03-30,Almeria,Osasuna,MATCHED,True,True,,2.45,3.25,3.0,2324-SP1.csv,293
understat:22984,La_liga,2023/24,2024-03-30,Valencia,Mallorca,MATCHED,True,True,,2.1,3.0,4.0,2324-SP1.csv,294
understat:22976,La_liga,2023/24,2024-03-30,Barcelona,Las Palmas,MATCHED,True,True,,1.29,6.5,10.0,2324-SP1.csv,295
understat:22978,La_liga,2023/24,2024-03-31,Celta Vigo,Rayo Vallecano,MATCHED,True,True,,1.91,3.5,4.2,2324-SP1.csv,296
understat:22983,La_liga,2023/24,2024-03-31,Girona,Real Betis,MATCHED,True,True,,1.7,4.0,4.75,2324-SP1.csv,297
understat:22980,La_liga,2023/24,2024-03-31,Alaves,Real Sociedad,MATCHED,True,True,,4.0,3.0,2.15,2324-SP1.csv,298
understat:22981,La_liga,2023/24,2024-03-31,Real Madrid,Athletic Club,MATCHED,True,True,,1.57,4.33,5.75,2324-SP1.csv,299
understat:22982,La_liga,2023/24,2024-04-01,Villarreal,Atletico Madrid,MATCHED,True,True,,3.4,3.6,2.05,2324-SP1.csv,300
understat:22941,La_liga,2023/24,2024-04-04,Granada,Valencia,MATCHED,True,True,,3.0,3.0,2.55,2324-SP1.csv,301
understat:22987,La_liga,2023/24,2024-04-12,Real Betis,Celta Vigo,MATCHED,True,True,,1.91,3.5,4.0,2324-SP1.csv,302
understat:22986,La_liga,2023/24,2024-04-13,Atletico Madrid,Girona,MATCHED,True,True,,1.85,3.75,4.0,2324-SP1.csv,303
understat:22993,La_liga,2023/24,2024-04-13,Rayo Vallecano,Getafe,MATCHED,True,True,,2.4,2.9,3.25,2324-SP1.csv,304
understat:22988,La_liga,2023/24,2024-04-13,Mallorca,Real Madrid,MATCHED,True,True,,5.0,3.6,1.75,2324-SP1.csv,305
understat:22992,La_liga,2023/24,2024-04-13,Cadiz,Barcelona,MATCHED,True,True,,3.6,3.4,2.05,2324-SP1.csv,306
understat:22990,La_liga,2023/24,2024-04-14,Las Palmas,Sevilla,MATCHED,True,True,,2.7,3.3,2.63,2324-SP1.csv,307
understat:22994,La_liga,2023/24,2024-04-14,Granada,Alaves,MATCHED,True,True,,2.7,3.0,2.88,2324-SP1.csv,308
understat:22985,La_liga,2023/24,2024-04-14,Athletic Club,Villarreal,MATCHED,True,True,,1.57,4.2,5.25,2324-SP1.csv,309
understat:22991,La_liga,2023/24,2024-04-14,Real Sociedad,Almeria,MATCHED,True,True,,1.3,5.0,11.0,2324-SP1.csv,310
understat:22989,La_liga,2023/24,2024-04-15,Osasuna,Valencia,MATCHED,True,True,,2.3,3.0,3.4,2324-SP1.csv,311
understat:22996,La_liga,2023/24,2024-04-19,Athletic Club,Granada,MATCHED,True,True,,1.3,5.5,10.0,2324-SP1.csv,312
understat:22997,La_liga,2023/24,2024-04-20,Celta Vigo,Las Palmas,MATCHED,True,True,,1.65,3.8,5.25,2324-SP1.csv,313
understat:23004,La_liga,2023/24,2024-04-20,Rayo Vallecano,Osasuna,MATCHED,True,True,,2.1,3.0,4.2,2324-SP1.csv,314
understat:23001,La_liga,2023/24,2024-04-20,Valencia,Real Betis,MATCHED,True,True,,2.75,3.0,2.8,2324-SP1.csv,315
understat:23002,La_liga,2023/24,2024-04-20,Girona,Cadiz,MATCHED,True,True,,1.4,4.75,7.0,2324-SP1.csv,316
understat:22998,La_liga,2023/24,2024-04-21,Getafe,Real Sociedad,MATCHED,True,True,,3.6,3.0,2.25,2324-SP1.csv,317
understat:22995,La_liga,2023/24,2024-04-21,Almeria,Villarreal,MATCHED,True,True,,3.3,4.2,1.95,2324-SP1.csv,318
understat:22999,La_liga,2023/24,2024-04-21,Alaves,Atletico Madrid,MATCHED,True,True,,4.75,3.6,1.8,2324-SP1.csv,319
understat:23000,La_liga,2023/24,2024-04-21,Real Madrid,Barcelona,MATCHED,True,True,,1.73,4.2,4.33,2324-SP1.csv,320
understat:23003,La_liga,2023/24,2024-04-22,Sevilla,Mallorca,MATCHED,True,True,,2.1,3.0,4.0,2324-SP1.csv,321
understat:23014,La_liga,2023/24,2024-04-26,Real Sociedad,Real Madrid,MATCHED,True,True,,2.25,3.2,3.25,2324-SP1.csv,322
understat:23012,La_liga,2023/24,2024-04-27,Las Palmas,Girona,MATCHED,True,True,,4.75,4.0,1.65,2324-SP1.csv,323
understat:23005,La_liga,2023/24,2024-04-27,Almeria,Getafe,MATCHED,True,True,,2.5,3.3,2.88,2324-SP1.csv,324
understat:23010,La_liga,2023/24,2024-04-27,Alaves,Celta Vigo,MATCHED,True,True,,2.55,3.2,2.8,2324-SP1.csv,325
understat:23011,La_liga,2023/24,2024-04-27,Atletico Madrid,Athletic Club,MATCHED,True,True,,1.95,3.4,4.2,2324-SP1.csv,326
understat:23008,La_liga,2023/24,2024-04-28,Cadiz,Mallorca,MATCHED,True,True,,2.75,2.8,3.0,2324-SP1.csv,327
understat:23009,La_liga,2023/24,2024-04-28,Granada,Osasuna,MATCHED,True,True,,2.38,3.0,3.3,2324-SP1.csv,328
understat:23013,La_liga,2023/24,2024-04-28,Villarreal,Rayo Vallecano,MATCHED,True,True,,1.75,3.75,4.75,2324-SP1.csv,329
understat:23007,La_liga,2023/24,2024-04-28,Real Betis,Sevilla,MATCHED,True,True,,1.91,3.4,4.0,2324-SP1.csv,330
understat:23006,La_liga,2023/24,2024-04-29,Barcelona,Valencia,MATCHED,True,True,,1.33,5.75,8.0,2324-SP1.csv,331
understat:23017,La_liga,2023/24,2024-05-03,Getafe,Athletic Club,MATCHED,True,True,,3.75,3.1,2.15,2324-SP1.csv,332
understat:23023,La_liga,2023/24,2024-05-04,Real Sociedad,Las Palmas,MATCHED,True,True,,1.33,5.0,11.0,2324-SP1.csv,333
understat:23021,La_liga,2023/24,2024-05-04,Real Madrid,Cadiz,MATCHED,True,True,,1.36,4.75,9.0,2324-SP1.csv,334
understat:23019,La_liga,2023/24,2024-05-04,Girona,Barcelona,MATCHED,True,True,,2.88,3.8,2.3,2324-SP1.csv,335
understat:23018,La_liga,2023/24,2024-05-04,Mallorca,Atletico Madrid,MATCHED,True,True,,3.75,3.0,2.2,2324-SP1.csv,336
understat:23020,La_liga,2023/24,2024-05-05,Osasuna,Real Betis,MATCHED,True,True,,3.25,3.25,2.3,2324-SP1.csv,337
understat:23015,La_liga,2023/24,2024-05-05,Celta Vigo,Villarreal,MATCHED,True,True,,2.63,3.6,2.5,2324-SP1.csv,338
understat:23024,La_liga,2023/24,2024-05-05,Valencia,Alaves,MATCHED,True,True,,2.2,3.2,3.6,2324-SP1.csv,339
understat:23016,La_liga,2023/24,2024-05-05,Rayo Vallecano,Almeria,MATCHED,True,True,,1.65,3.8,5.5,2324-SP1.csv,341
understat:23022,La_liga,2023/24,2024-05-05,Sevilla,Granada,MATCHED,True,True,,1.7,4.0,4.75,2324-SP1.csv,340
understat:23030,La_liga,2023/24,2024-05-10,Alaves,Girona,MATCHED,True,True,,3.1,3.5,2.25,2324-SP1.csv,342
understat:23034,La_liga,2023/24,2024-05-11,Mallorca,Las Palmas,MATCHED,True,True,,1.62,3.6,6.5,2324-SP1.csv,343
understat:23033,La_liga,2023/24,2024-05-11,Villarreal,Sevilla,MATCHED,True,True,,1.95,3.8,3.5,2324-SP1.csv,344
understat:23029,La_liga,2023/24,2024-05-11,Granada,Real Madrid,MATCHED,True,True,,5.5,4.75,1.55,2324-SP1.csv,345
understat:23025,La_liga,2023/24,2024-05-11,Athletic Club,Osasuna,MATCHED,True,True,,1.4,4.5,8.5,2324-SP1.csv,346
understat:23028,La_liga,2023/24,2024-05-12,Cadiz,Getafe,MATCHED,True,True,,2.05,3.25,4.0,2324-SP1.csv,347
understat:23026,La_liga,2023/24,2024-05-12,Atletico Madrid,Celta Vigo,MATCHED,True,True,,1.4,4.5,8.0,2324-SP1.csv,348
understat:23032,La_liga,2023/24,2024-05-12,Valencia,Rayo Vallecano,MATCHED,True,True,,2.25,3.1,3.5,2324-SP1.csv,349
understat:23031,La_liga,2023/24,2024-05-12,Real Betis,Almeria,MATCHED,True,True,,1.4,5.25,6.5,2324-SP1.csv,350
understat:23027,La_liga,2023/24,2024-05-13,Barcelona,Real Sociedad,MATCHED,True,True,,1.7,3.8,5.0,2324-SP1.csv,351
understat:23042,La_liga,2023/24,2024-05-14,Osasuna,Mallorca,MATCHED,True,True,,2.7,2.9,3.0,2324-SP1.csv,352
understat:23044,La_liga,2023/24,2024-05-14,Real Madrid,Alaves,MATCHED,True,True,,1.22,7.5,11.0,2324-SP1.csv,353
understat:23036,La_liga,2023/24,2024-05-14,Girona,Villarreal,MATCHED,True,True,,1.7,4.5,4.33,2324-SP1.csv,354
understat:23041,La_liga,2023/24,2024-05-15,Sevilla,Cadiz,MATCHED,True,True,,2.1,3.4,3.5,2324-SP1.csv,355
understat:23043,La_liga,2023/24,2024-05-15,Rayo Vallecano,Granada,MATCHED,True,True,,1.53,4.0,7.0,2324-SP1.csv,356
understat:23038,La_liga,2023/24,2024-05-15,Celta Vigo,Athletic Club,MATCHED,True,True,,2.3,3.3,3.2,2324-SP1.csv,357
understat:23039,La_liga,2023/24,2024-05-15,Getafe,Atletico Madrid,MATCHED,True,True,,5.25,3.7,1.73,2324-SP1.csv,358
understat:23040,La_liga,2023/24,2024-05-16,Las Palmas,Real Betis,MATCHED,True,True,,3.2,3.2,2.38,2324-SP1.csv,359
understat:23035,La_liga,2023/24,2024-05-16,Almeria,Barcelona,MATCHED,True,True,,7.0,5.0,1.4,2324-SP1.csv,360
understat:23037,La_liga,2023/24,2024-05-16,Real Sociedad,Valencia,MATCHED,True,True,,1.45,4.2,7.5,2324-SP1.csv,361
understat:23050,La_liga,2023/24,2024-05-18,Alaves,Getafe,MATCHED,True,True,,1.95,3.4,4.2,2324-SP1.csv,362
understat:23045,La_liga,2023/24,2024-05-19,Athletic Club,Sevilla,MATCHED,True,True,,1.55,4.2,6.0,2324-SP1.csv,363
understat:23046,La_liga,2023/24,2024-05-19,Atletico Madrid,Osasuna,MATCHED,True,True,,1.33,5.25,10.0,2324-SP1.csv,364
understat:23047,La_liga,2023/24,2024-05-19,Barcelona,Rayo Vallecano,MATCHED,True,True,,1.33,5.5,8.0,2324-SP1.csv,365
understat:23048,La_liga,2023/24,2024-05-19,Real Betis,Real Sociedad,MATCHED,True,True,,3.4,2.9,2.4,2324-SP1.csv,366
understat:23049,La_liga,2023/24,2024-05-19,Cadiz,Las Palmas,MATCHED,True,True,,1.9,3.4,4.33,2324-SP1.csv,367
understat:23051,La_liga,2023/24,2024-05-19,Mallorca,Almeria,MATCHED,True,True,,1.38,4.5,9.5,2324-SP1.csv,369
understat:23052,La_liga,2023/24,2024-05-19,Granada,Celta Vigo,MATCHED,True,True,,3.6,3.4,2.1,2324-SP1.csv,368
understat:23053,La_liga,2023/24,2024-05-19,Valencia,Girona,MATCHED,True,True,,3.7,3.75,1.95,2324-SP1.csv,370
understat:23054,La_liga,2023/24,2024-05-19,Villarreal,Real Madrid,MATCHED,True,True,,3.0,3.8,2.2,2324-SP1.csv,371
understat:23058,La_liga,2023/24,2024-05-24,Girona,Granada,MATCHED,True,True,,1.22,7.0,12.0,2324-SP1.csv,372
understat:23059,La_liga,2023/24,2024-05-25,Osasuna,Villarreal,MATCHED,True,True,,2.5,3.6,2.63,2324-SP1.csv,373
understat:23061,La_liga,2023/24,2024-05-25,Real Sociedad,Atletico Madrid,MATCHED,True,True,,2.63,3.3,2.7,2324-SP1.csv,374
understat:23055,La_liga,2023/24,2024-05-25,Almeria,Cadiz,MATCHED,True,True,,2.15,3.75,3.1,2324-SP1.csv,375
understat:23060,La_liga,2023/24,2024-05-25,Rayo Vallecano,Athletic Club,MATCHED,True,True,,3.2,3.25,2.35,2324-SP1.csv,376
understat:23063,La_liga,2023/24,2024-05-25,Real Madrid,Real Betis,MATCHED,True,True,,1.29,6.0,9.0,2324-SP1.csv,377
understat:23057,La_liga,2023/24,2024-05-26,Getafe,Mallorca,MATCHED,True,True,,2.3,3.2,3.25,2324-SP1.csv,378
understat:23056,La_liga,2023/24,2024-05-26,Celta Vigo,Valencia,MATCHED,True,True,,1.9,3.7,3.8,2324-SP1.csv,379
understat:23064,La_liga,2023/24,2024-05-26,Las Palmas,Alaves,MATCHED,True,True,,2.3,3.5,3.0,2324-SP1.csv,380
understat:23062,La_liga,2023/24,2024-05-26,Sevilla,Barcelona,MATCHED,True,True,,4.75,4.2,1.67,2324-SP1.csv,381
understat:26982,La_liga,2024/25,2024-08-15,Athletic Club,Getafe,MATCHED,True,True,,1.57,3.6,7.0,2425-SP1.csv,2
understat:26983,La_liga,2024/25,2024-08-15,Real Betis,Girona,MATCHED,True,True,,2.3,3.4,3.1,2425-SP1.csv,3
understat:26984,La_liga,2024/25,2024-08-16,Celta Vigo,Alaves,MATCHED,True,True,,2.1,3.1,3.9,2425-SP1.csv,4
understat:26985,La_liga,2024/25,2024-08-16,Las Palmas,Sevilla,MATCHED,True,True,,2.55,3.3,2.8,2425-SP1.csv,5
understat:26986,La_liga,2024/25,2024-08-17,Osasuna,Leganes,MATCHED,True,True,,1.83,3.1,5.0,2425-SP1.csv,6
understat:26987,La_liga,2024/25,2024-08-17,Valencia,Barcelona,MATCHED,True,True,,4.2,3.7,1.85,2425-SP1.csv,7
understat:26988,La_liga,2024/25,2024-08-18,Real Sociedad,Rayo Vallecano,MATCHED,True,True,,1.75,3.3,5.5,2425-SP1.csv,8
understat:26989,La_liga,2024/25,2024-08-18,Mallorca,Real Madrid,MATCHED,True,True,,7.5,4.75,1.4,2425-SP1.csv,9
understat:26990,La_liga,2024/25,2024-08-19,Real Valladolid,Espanyol,MATCHED,True,True,,2.3,2.8,3.75,2425-SP1.csv,10
understat:26991,La_liga,2024/25,2024-08-19,Villarreal,Atletico Madrid,MATCHED,True,True,,3.4,3.6,2.1,2425-SP1.csv,11
understat:26992,La_liga,2024/25,2024-08-23,Celta Vigo,Valencia,MATCHED,True,True,,2.15,3.4,3.5,2425-SP1.csv,12
understat:26993,La_liga,2024/25,2024-08-23,Sevilla,Villarreal,MATCHED,True,True,,2.15,3.6,3.2,2425-SP1.csv,13
understat:26994,La_liga,2024/25,2024-08-24,Osasuna,Mallorca,MATCHED,True,True,,2.3,3.2,3.25,2425-SP1.csv,14
understat:26995,La_liga,2024/25,2024-08-24,Barcelona,Athletic Club,MATCHED,True,True,,1.57,4.33,5.25,2425-SP1.csv,15
understat:26996,La_liga,2024/25,2024-08-24,Getafe,Rayo Vallecano,MATCHED,True,True,,2.6,2.8,3.2,2425-SP1.csv,17
understat:26997,La_liga,2024/25,2024-08-24,Espanyol,Real Sociedad,MATCHED,True,True,,3.7,3.1,2.15,2425-SP1.csv,16
understat:26998,La_liga,2024/25,2024-08-25,Real Madrid,Real Valladolid,MATCHED,True,True,,1.13,9.0,17.0,2425-SP1.csv,18
understat:26999,La_liga,2024/25,2024-08-25,Leganes,Las Palmas,MATCHED,True,True,,2.38,3.0,3.3,2425-SP1.csv,19
understat:27000,La_liga,2024/25,2024-08-25,Alaves,Real Betis,MATCHED,True,True,,2.45,3.0,3.25,2425-SP1.csv,20
understat:27001,La_liga,2024/25,2024-08-25,Atletico Madrid,Girona,MATCHED,True,True,,1.48,4.5,6.25,2425-SP1.csv,21
understat:27002,La_liga,2024/25,2024-08-26,Villarreal,Celta Vigo,MATCHED,True,True,,1.67,4.2,4.75,2425-SP1.csv,22
understat:27003,La_liga,2024/25,2024-08-27,Mallorca,Sevilla,MATCHED,True,True,,2.25,3.25,3.3,2425-SP1.csv,23
understat:27004,La_liga,2024/25,2024-08-27,Rayo Vallecano,Barcelona,MATCHED,True,True,,5.0,3.8,1.67,2425-SP1.csv,24
understat:27005,La_liga,2024/25,2024-08-28,Real Valladolid,Leganes,MATCHED,True,True,,2.15,3.0,3.8,2425-SP1.csv,26
understat:27006,La_liga,2024/25,2024-08-28,Athletic Club,Valencia,MATCHED,True,True,,1.73,3.7,5.0,2425-SP1.csv,25
understat:27008,La_liga,2024/25,2024-08-28,Real Sociedad,Alaves,MATCHED,True,True,,1.62,3.7,6.25,2425-SP1.csv,28
understat:27009,La_liga,2024/25,2024-08-28,Atletico Madrid,Espanyol,MATCHED,True,True,,1.27,5.5,13.0,2425-SP1.csv,27
understat:27010,La_liga,2024/25,2024-08-29,Girona,Osasuna,MATCHED,True,True,,1.67,3.9,4.75,2425-SP1.csv,29
understat:27011,La_liga,2024/25,2024-08-29,Las Palmas,Real Madrid,MATCHED,True,True,,8.0,5.25,1.33,2425-SP1.csv,30
understat:27012,La_liga,2024/25,2024-08-31,Barcelona,Real Valladolid,MATCHED,True,True,,1.2,7.0,13.0,2425-SP1.csv,31
understat:27013,La_liga,2024/25,2024-08-31,Athletic Club,Atletico Madrid,MATCHED,True,True,,2.7,3.3,2.63,2425-SP1.csv,32
understat:27014,La_liga,2024/25,2024-08-31,Espanyol,Rayo Vallecano,MATCHED,True,True,,2.8,3.0,2.8,2425-SP1.csv,33
understat:27015,La_liga,2024/25,2024-08-31,Valencia,Villarreal,MATCHED,True,True,,2.6,3.2,2.8,2425-SP1.csv,35
understat:27016,La_liga,2024/25,2024-08-31,Leganes,Mallorca,MATCHED,True,True,,2.8,2.75,3.0,2425-SP1.csv,34
understat:27017,La_liga,2024/25,2024-09-01,Alaves,Las Palmas,MATCHED,True,True,,1.7,3.6,5.0,2425-SP1.csv,36
understat:27018,La_liga,2024/25,2024-09-01,Osasuna,Celta Vigo,MATCHED,True,True,,2.4,3.25,3.0,2425-SP1.csv,37
understat:27019,La_liga,2024/25,2024-09-01,Sevilla,Girona,MATCHED,True,True,,2.75,3.75,2.35,2425-SP1.csv,38
understat:27020,La_liga,2024/25,2024-09-01,Getafe,Real Sociedad,MATCHED,True,True,,3.1,2.7,2.8,2425-SP1.csv,39
understat:27021,La_liga,2024/25,2024-09-01,Real Madrid,Real Betis,MATCHED,True,True,,1.22,6.5,12.0,2425-SP1.csv,40
understat:27024,La_liga,2024/25,2024-09-13,Real Betis,Leganes,MATCHED,True,True,,1.67,3.5,6.0,2425-SP1.csv,41
understat:27026,La_liga,2024/25,2024-09-14,Mallorca,Villarreal,MATCHED,True,True,,2.35,3.25,3.2,2425-SP1.csv,42
understat:27022,La_liga,2024/25,2024-09-14,Espanyol,Alaves,MATCHED,True,True,,2.9,3.0,2.7,2425-SP1.csv,43
understat:27029,La_liga,2024/25,2024-09-14,Sevilla,Getafe,MATCHED,True,True,,2.25,3.0,3.6,2425-SP1.csv,44
understat:27031,La_liga,2024/25,2024-09-14,Real Sociedad,Real Madrid,MATCHED,True,True,,4.75,3.7,1.73,2425-SP1.csv,45
understat:27025,La_liga,2024/25,2024-09-15,Celta Vigo,Real Valladolid,MATCHED,True,True,,1.62,3.8,5.5,2425-SP1.csv,46
understat:27028,La_liga,2024/25,2024-09-15,Girona,Barcelona,MATCHED,True,True,,4.33,4.1,1.73,2425-SP1.csv,47
understat:27027,La_liga,2024/25,2024-09-15,Las Palmas,Athletic Club,MATCHED,True,True,,3.75,3.4,2.05,2425-SP1.csv,48
understat:27023,La_liga,2024/25,2024-09-15,Atletico Madrid,Valencia,MATCHED,True,True,,1.38,4.33,9.0,2425-SP1.csv,49
understat:27030,La_liga,2024/25,2024-09-16,Rayo Vallecano,Osasuna,MATCHED,True,True,,2.1,3.2,3.8,2425-SP1.csv,50
understat:27045,La_liga,2024/25,2024-09-17,Mallorca,Real Sociedad,MATCHED,True,True,,3.0,2.55,3.0,2425-SP1.csv,51
understat:27007,La_liga,2024/25,2024-09-18,Real Betis,Getafe,MATCHED,True,True,,1.85,3.1,5.25,2425-SP1.csv,52
understat:27047,La_liga,2024/25,2024-09-19,Leganes,Athletic Club,MATCHED,True,True,,4.0,3.0,2.15,2425-SP1.csv,53
understat:27035,La_liga,2024/25,2024-09-20,Alaves,Sevilla,MATCHED,True,True,,2.1,3.1,3.8,2425-SP1.csv,54
understat:27039,La_liga,2024/25,2024-09-21,Real Valladolid,Real Sociedad,MATCHED,True,True,,4.2,3.0,2.05,2425-SP1.csv,55
understat:27040,La_liga,2024/25,2024-09-21,Osasuna,Las Palmas,MATCHED,True,True,,1.8,3.6,4.5,2425-SP1.csv,56
understat:27038,La_liga,2024/25,2024-09-21,Valencia,Girona,MATCHED,True,True,,2.45,3.2,3.0,2425-SP1.csv,57
understat:27041,La_liga,2024/25,2024-09-21,Real Madrid,Espanyol,MATCHED,True,True,,1.13,8.5,21.0,2425-SP1.csv,58
understat:27034,La_liga,2024/25,2024-09-22,Getafe,Leganes,MATCHED,True,True,,2.0,2.7,5.25,2425-SP1.csv,59
understat:27032,La_liga,2024/25,2024-09-22,Athletic Club,Celta Vigo,MATCHED,True,True,,1.75,3.5,5.0,2425-SP1.csv,60
understat:27037,La_liga,2024/25,2024-09-22,Villarreal,Barcelona,MATCHED,True,True,,3.9,3.9,1.85,2425-SP1.csv,61
understat:27036,La_liga,2024/25,2024-09-22,Rayo Vallecano,Atletico Madrid,MATCHED,True,True,,5.25,3.5,1.73,2425-SP1.csv,62
understat:27033,La_liga,2024/25,2024-09-23,Real Betis,Mallorca,MATCHED,True,True,,1.85,3.2,5.0,2425-SP1.csv,63
understat:27046,La_liga,2024/25,2024-09-24,Sevilla,Real Valladolid,MATCHED,True,True,,1.6,3.8,5.75,2425-SP1.csv,64
understat:27050,La_liga,2024/25,2024-09-24,Valencia,Osasuna,MATCHED,True,True,,1.91,3.1,4.5,2425-SP1.csv,65
understat:27051,La_liga,2024/25,2024-09-24,Real Madrid,Alaves,MATCHED,True,True,,1.17,7.5,15.0,2425-SP1.csv,66
understat:27044,La_liga,2024/25,2024-09-25,Girona,Rayo Vallecano,MATCHED,True,True,,1.7,3.9,5.0,2425-SP1.csv,67
understat:27043,La_liga,2024/25,2024-09-25,Barcelona,Getafe,MATCHED,True,True,,1.2,7.0,12.0,2425-SP1.csv,68
understat:27042,La_liga,2024/25,2024-09-26,Espanyol,Villarreal,MATCHED,True,True,,3.5,3.6,2.05,2425-SP1.csv,69
understat:27049,La_liga,2024/25,2024-09-26,Las Palmas,Real Betis,MATCHED,True,True,,3.7,3.3,2.1,2425-SP1.csv,70
understat:27048,La_liga,2024/25,2024-09-26,Celta Vigo,Atletico Madrid,MATCHED,True,True,,3.9,3.5,1.91,2425-SP1.csv,71
understat:27057,La_liga,2024/25,2024-09-27,Real Valladolid,Mallorca,MATCHED,True,True,,3.25,2.9,2.5,2425-SP1.csv,72
understat:27059,La_liga,2024/25,2024-09-28,Getafe,Alaves,MATCHED,True,True,,2.5,2.75,3.3,2425-SP1.csv,73
understat:27060,La_liga,2024/25,2024-09-28,Rayo Vallecano,Leganes,MATCHED,True,True,,1.85,3.1,5.25,2425-SP1.csv,74
understat:27055,La_liga,2024/25,2024-09-28,Real Sociedad,Valencia,MATCHED,True,True,,1.8,3.25,5.0,2425-SP1.csv,75
understat:27056,La_liga,2024/25,2024-09-28,Osasuna,Barcelona,MATCHED,True,True,,4.5,3.6,1.8,2425-SP1.csv,76
understat:27054,La_liga,2024/25,2024-09-29,Celta Vigo,Girona,MATCHED,True,True,,2.5,3.5,2.7,2425-SP1.csv,77
understat:27052,La_liga,2024/25,2024-09-29,Athletic Club,Sevilla,MATCHED,True,True,,1.73,3.7,5.0,2425-SP1.csv,78
understat:27061,La_liga,2024/25,2024-09-29,Real Betis,Espanyol,MATCHED,True,True,,1.48,4.2,7.0,2425-SP1.csv,79
understat:27053,La_liga,2024/25,2024-09-29,Atletico Madrid,Real Madrid,MATCHED,True,True,,2.75,3.1,2.63,2425-SP1.csv,80
understat:27058,La_liga,2024/25,2024-09-30,Villarreal,Las Palmas,MATCHED,True,True,,1.53,4.75,5.25,2425-SP1.csv,81
understat:27065,La_liga,2024/25,2024-10-04,Leganes,Valencia,MATCHED,True,True,,2.88,2.8,2.88,2425-SP1.csv,82
understat:27071,La_liga,2024/25,2024-10-05,Espanyol,Mallorca,MATCHED,True,True,,3.5,3.0,2.3,2425-SP1.csv,83
understat:27062,La_liga,2024/25,2024-10-05,Getafe,Osasuna,MATCHED,True,True,,2.1,3.1,4.0,2425-SP1.csv,84
understat:27069,La_liga,2024/25,2024-10-05,Las Palmas,Celta Vigo,MATCHED,True,True,,3.6,3.5,2.0,2425-SP1.csv,85
understat:27070,La_liga,2024/25,2024-10-05,Real Valladolid,Rayo Vallecano,MATCHED,True,True,,3.4,3.0,2.3,2425-SP1.csv,86
understat:27063,La_liga,2024/25,2024-10-05,Real Madrid,Villarreal,MATCHED,True,True,,1.25,6.5,9.0,2425-SP1.csv,87
understat:27066,La_liga,2024/25,2024-10-06,Girona,Athletic Club,MATCHED,True,True,,2.35,3.3,3.1,2425-SP1.csv,88
understat:27064,La_liga,2024/25,2024-10-06,Alaves,Barcelona,MATCHED,True,True,,4.5,4.33,1.67,2425-SP1.csv,89
understat:27068,La_liga,2024/25,2024-10-06,Sevilla,Real Betis,MATCHED,True,True,,2.7,3.2,2.7,2425-SP1.csv,90
understat:27067,La_liga,2024/25,2024-10-06,Real Sociedad,Atletico Madrid,MATCHED,True,True,,2.75,3.1,2.7,2425-SP1.csv,91
understat:27078,La_liga,2024/25,2024-10-18,Alaves,Real Valladolid,MATCHED,True,True,,1.6,3.9,6.0,2425-SP1.csv,92
understat:27072,La_liga,2024/25,2024-10-19,Athletic Club,Espanyol,MATCHED,True,True,,1.4,4.33,8.5,2425-SP1.csv,93
understat:27079,La_liga,2024/25,2024-10-19,Osasuna,Real Betis,MATCHED,True,True,,2.3,3.2,3.1,2425-SP1.csv,94
understat:27076,La_liga,2024/25,2024-10-19,Girona,Real Sociedad,MATCHED,True,True,,2.63,3.3,2.6,2425-SP1.csv,95
understat:27075,La_liga,2024/25,2024-10-19,Celta Vigo,Real Madrid,MATCHED,True,True,,5.25,4.5,1.55,2425-SP1.csv,96
understat:27077,La_liga,2024/25,2024-10-20,Mallorca,Rayo Vallecano,MATCHED,True,True,,2.05,3.1,4.0,2425-SP1.csv,97
understat:27073,La_liga,2024/25,2024-10-20,Atletico Madrid,Leganes,MATCHED,True,True,,1.4,4.33,9.0,2425-SP1.csv,98
understat:27080,La_liga,2024/25,2024-10-20,Villarreal,Getafe,MATCHED,True,True,,1.8,3.5,4.5,2425-SP1.csv,99
understat:27074,La_liga,2024/25,2024-10-20,Barcelona,Sevilla,MATCHED,True,True,,1.29,6.0,8.0,2425-SP1.csv,100
understat:27081,La_liga,2024/25,2024-10-21,Valencia,Las Palmas,MATCHED,True,True,,1.85,3.4,4.5,2425-SP1.csv,101
understat:27091,La_liga,2024/25,2024-10-25,Espanyol,Sevilla,MATCHED,True,True,,2.9,3.2,2.5,2425-SP1.csv,102
understat:27089,La_liga,2024/25,2024-10-26,Real Valladolid,Villarreal,MATCHED,True,True,,3.7,3.6,1.95,2425-SP1.csv,103
understat:27090,La_liga,2024/25,2024-10-26,Rayo Vallecano,Alaves,MATCHED,True,True,,2.0,3.1,4.2,2425-SP1.csv,104
understat:27087,La_liga,2024/25,2024-10-26,Las Palmas,Girona,MATCHED,True,True,,2.6,3.2,2.88,2425-SP1.csv,105
understat:27085,La_liga,2024/25,2024-10-26,Real Madrid,Barcelona,MATCHED,True,True,,2.0,4.1,3.3,2425-SP1.csv,106
understat:27086,La_liga,2024/25,2024-10-27,Leganes,Celta Vigo,MATCHED,True,True,,3.7,3.3,2.1,2425-SP1.csv,107
understat:27082,La_liga,2024/25,2024-10-27,Getafe,Valencia,MATCHED,True,True,,2.1,2.8,4.5,2425-SP1.csv,108
understat:27084,La_liga,2024/25,2024-10-27,Real Betis,Atletico Madrid,MATCHED,True,True,,3.5,3.3,2.15,2425-SP1.csv,109
understat:27088,La_liga,2024/25,2024-10-27,Real Sociedad,Osasuna,MATCHED,True,True,,1.62,3.8,5.75,2425-SP1.csv,110
understat:27083,La_liga,2024/25,2024-10-28,Mallorca,Athletic Club,MATCHED,True,True,,2.5,3.1,3.1,2425-SP1.csv,111
understat:27097,La_liga,2024/25,2024-11-01,Alaves,Mallorca,MATCHED,True,True,,2.3,3.0,3.6,2425-SP1.csv,112
understat:27096,La_liga,2024/25,2024-11-02,Osasuna,Real Valladolid,MATCHED,True,True,,1.7,3.6,5.25,2425-SP1.csv,113
understat:27095,La_liga,2024/25,2024-11-02,Girona,Leganes,MATCHED,True,True,,1.7,3.5,6.0,2425-SP1.csv,114
understat:27093,La_liga,2024/25,2024-11-03,Atletico Madrid,Las Palmas,MATCHED,True,True,,1.33,5.0,8.5,2425-SP1.csv,115
understat:27101,La_liga,2024/25,2024-11-03,Barcelona,Espanyol,MATCHED,True,True,,1.14,8.0,17.0,2425-SP1.csv,116
understat:27100,La_liga,2024/25,2024-11-03,Sevilla,Real Sociedad,MATCHED,True,True,,3.3,3.2,2.3,2425-SP1.csv,117
understat:27092,La_liga,2024/25,2024-11-03,Athletic Club,Real Betis,MATCHED,True,True,,1.85,3.6,4.1,2425-SP1.csv,118
understat:27094,La_liga,2024/25,2024-11-04,Celta Vigo,Getafe,MATCHED,True,True,,2.05,3.0,4.2,2425-SP1.csv,119
understat:27110,La_liga,2024/25,2024-11-08,Rayo Vallecano,Las Palmas,MATCHED,True,True,,1.85,3.3,4.5,2425-SP1.csv,120
understat:27109,La_liga,2024/25,2024-11-09,Real Madrid,Osasuna,MATCHED,True,True,,1.25,6.0,11.0,2425-SP1.csv,121
understat:27111,La_liga,2024/25,2024-11-09,Villarreal,Alaves,MATCHED,True,True,,1.55,3.9,6.25,2425-SP1.csv,122
understat:27105,La_liga,2024/25,2024-11-09,Leganes,Sevilla,MATCHED,True,True,,3.1,3.0,2.45,2425-SP1.csv,123
understat:27103,La_liga,2024/25,2024-11-10,Real Betis,Celta Vigo,MATCHED,True,True,,2.15,3.1,3.5,2425-SP1.csv,124
understat:27107,La_liga,2024/25,2024-11-10,Mallorca,Atletico Madrid,MATCHED,True,True,,3.4,2.9,2.3,2425-SP1.csv,125
understat:27104,La_liga,2024/25,2024-11-10,Getafe,Girona,MATCHED,True,True,,2.45,2.88,3.3,2425-SP1.csv,126
understat:27106,La_liga,2024/25,2024-11-10,Real Valladolid,Athletic Club,MATCHED,True,True,,4.33,3.3,1.91,2425-SP1.csv,127
understat:27108,La_liga,2024/25,2024-11-10,Real Sociedad,Barcelona,MATCHED,True,True,,3.9,3.75,1.85,2425-SP1.csv,128
understat:27113,La_liga,2024/25,2024-11-22,Getafe,Real Valladolid,MATCHED,True,True,,1.65,3.5,6.25,2425-SP1.csv,129
understat:27118,La_liga,2024/25,2024-11-23,Valencia,Real Betis,MATCHED,True,True,,2.55,3.0,3.1,2425-SP1.csv,130
understat:27120,La_liga,2024/25,2024-11-23,Atletico Madrid,Alaves,MATCHED,True,True,,1.45,4.2,7.5,2425-SP1.csv,131
understat:27115,La_liga,2024/25,2024-11-23,Las Palmas,Mallorca,MATCHED,True,True,,2.75,2.9,2.8,2425-SP1.csv,133
understat:27121,La_liga,2024/25,2024-11-23,Girona,Espanyol,MATCHED,True,True,,1.7,3.7,5.25,2425-SP1.csv,132
understat:27117,La_liga,2024/25,2024-11-23,Celta Vigo,Barcelona,MATCHED,True,True,,4.33,4.1,1.73,2425-SP1.csv,134
understat:27114,La_liga,2024/25,2024-11-24,Osasuna,Villarreal,MATCHED,True,True,,2.63,3.3,2.7,2425-SP1.csv,135
understat:27119,La_liga,2024/25,2024-11-24,Sevilla,Rayo Vallecano,MATCHED,True,True,,2.0,3.3,4.0,2425-SP1.csv,136
understat:27116,La_liga,2024/25,2024-11-24,Leganes,Real Madrid,MATCHED,True,True,,8.5,5.0,1.33,2425-SP1.csv,137
understat:27112,La_liga,2024/25,2024-11-24,Athletic Club,Real Sociedad,MATCHED,True,True,,2.35,2.9,3.5,2425-SP1.csv,138
understat:27123,La_liga,2024/25,2024-11-29,Mallorca,Valencia,MATCHED,True,True,,2.15,2.8,4.33,2425-SP1.csv,139
understat:27122,La_liga,2024/25,2024-11-30,Barcelona,Las Palmas,MATCHED,True,True,,1.14,9.0,15.0,2425-SP1.csv,140
understat:27124,La_liga,2024/25,2024-11-30,Alaves,Leganes,MATCHED,True,True,,1.8,3.1,5.75,2425-SP1.csv,141
understat:27131,La_liga,2024/25,2024-11-30,Espanyol,Celta Vigo,MATCHED,True,True,,3.6,3.1,2.2,2425-SP1.csv,142
understat:27126,La_liga,2024/25,2024-11-30,Real Valladolid,Atletico Madrid,MATCHED,True,True,,7.0,4.75,1.44,2425-SP1.csv,143
understat:27128,La_liga,2024/25,2024-12-01,Villarreal,Girona,MATCHED,True,True,,1.75,3.75,4.5,2425-SP1.csv,144
understat:27127,La_liga,2024/25,2024-12-01,Real Madrid,Getafe,MATCHED,True,True,,1.3,5.0,10.0,2425-SP1.csv,145
understat:27125,La_liga,2024/25,2024-12-01,Rayo Vallecano,Athletic Club,MATCHED,True,True,,3.1,3.1,2.45,2425-SP1.csv,146
understat:27130,La_liga,2024/25,2024-12-01,Real Sociedad,Real Betis,MATCHED,True,True,,1.67,3.75,5.25,2425-SP1.csv,147
understat:27129,La_liga,2024/25,2024-12-02,Sevilla,Osasuna,MATCHED,True,True,,1.91,3.4,4.1,2425-SP1.csv,148
understat:27167,La_liga,2024/25,2024-12-03,Mallorca,Barcelona,MATCHED,True,True,,5.25,4.1,1.6,2425-SP1.csv,149
understat:27162,La_liga,2024/25,2024-12-04,Athletic Club,Real Madrid,MATCHED,True,True,,3.3,3.3,2.2,2425-SP1.csv,150
understat:27136,La_liga,2024/25,2024-12-06,Celta Vigo,Mallorca,MATCHED,True,True,,1.85,3.3,4.75,2425-SP1.csv,151
understat:27138,La_liga,2024/25,2024-12-07,Las Palmas,Real Valladolid,MATCHED,True,True,,1.65,3.8,5.5,2425-SP1.csv,152
understat:27139,La_liga,2024/25,2024-12-07,Real Betis,Barcelona,MATCHED,True,True,,5.25,4.75,1.5,2425-SP1.csv,153
understat:27140,La_liga,2024/25,2024-12-07,Valencia,Rayo Vallecano,MATCHED,True,True,,2.2,3.0,3.8,2425-SP1.csv,154
understat:27137,La_liga,2024/25,2024-12-07,Girona,Real Madrid,MATCHED,True,True,,4.33,4.0,1.7,2425-SP1.csv,155
understat:27133,La_liga,2024/25,2024-12-08,Leganes,Real Sociedad,MATCHED,True,True,,6.0,3.1,1.75,2425-SP1.csv,156
understat:27134,La_liga,2024/25,2024-12-08,Athletic Club,Villarreal,MATCHED,True,True,,1.83,3.6,4.33,2425-SP1.csv,157
understat:27141,La_liga,2024/25,2024-12-08,Osasuna,Alaves,MATCHED,True,True,,2.25,3.1,3.6,2425-SP1.csv,158
understat:27135,La_liga,2024/25,2024-12-08,Atletico Madrid,Sevilla,MATCHED,True,True,,1.36,4.75,9.0,2425-SP1.csv,159
understat:27132,La_liga,2024/25,2024-12-09,Getafe,Espanyol,MATCHED,True,True,,1.83,2.9,6.0,2425-SP1.csv,160
understat:27147,La_liga,2024/25,2024-12-13,Real Valladolid,Valencia,MATCHED,True,True,,3.1,3.1,2.35,2425-SP1.csv,161
understat:27150,La_liga,2024/25,2024-12-14,Espanyol,Osasuna,MATCHED,True,True,,2.7,3.2,2.75,2425-SP1.csv,162
understat:27146,La_liga,2024/25,2024-12-14,Mallorca,Girona,MATCHED,True,True,,2.7,3.1,2.75,2425-SP1.csv,163
understat:27145,La_liga,2024/25,2024-12-14,Sevilla,Celta Vigo,MATCHED,True,True,,2.55,3.1,3.0,2425-SP1.csv,164
understat:27144,La_liga,2024/25,2024-12-14,Rayo Vallecano,Real Madrid,MATCHED,True,True,,6.25,4.2,1.53,2425-SP1.csv,165
understat:27142,La_liga,2024/25,2024-12-15,Atletico Madrid,Getafe,MATCHED,True,True,,1.36,5.0,8.5,2425-SP1.csv,166
understat:27149,La_liga,2024/25,2024-12-15,Alaves,Athletic Club,MATCHED,True,True,,3.7,3.1,2.1,2425-SP1.csv,167
understat:27148,La_liga,2024/25,2024-12-15,Villarreal,Real Betis,MATCHED,True,True,,1.9,3.8,3.75,2425-SP1.csv,169
understat:27151,La_liga,2024/25,2024-12-15,Real Sociedad,Las Palmas,MATCHED,True,True,,1.33,5.25,10.0,2425-SP1.csv,168
understat:27143,La_liga,2024/25,2024-12-15,Barcelona,Leganes,MATCHED,True,True,,1.11,9.0,21.0,2425-SP1.csv,170
understat:27098,La_liga,2024/25,2024-12-18,Villarreal,Rayo Vallecano,MATCHED,True,True,,1.73,3.7,4.75,2425-SP1.csv,172
understat:27102,La_liga,2024/25,2024-12-18,Espanyol,Valencia,MATCHED,True,True,,2.5,2.9,3.2,2425-SP1.csv,171
understat:27156,La_liga,2024/25,2024-12-20,Girona,Real Valladolid,MATCHED,True,True,,1.33,5.0,9.0,2425-SP1.csv,173
understat:27155,La_liga,2024/25,2024-12-21,Getafe,Mallorca,MATCHED,True,True,,2.3,2.5,4.2,2425-SP1.csv,174
understat:27154,La_liga,2024/25,2024-12-21,Celta Vigo,Real Sociedad,MATCHED,True,True,,2.7,3.0,2.9,2425-SP1.csv,175
understat:27159,La_liga,2024/25,2024-12-21,Osasuna,Athletic Club,MATCHED,True,True,,4.2,3.1,2.0,2425-SP1.csv,176
understat:27160,La_liga,2024/25,2024-12-21,Barcelona,Atletico Madrid,MATCHED,True,True,,2.0,3.75,3.6,2425-SP1.csv,177
understat:27161,La_liga,2024/25,2024-12-22,Valencia,Alaves,MATCHED,True,True,,2.05,3.25,3.9,2425-SP1.csv,178
understat:27157,La_liga,2024/25,2024-12-22,Real Madrid,Sevilla,MATCHED,True,True,,1.25,6.5,10.0,2425-SP1.csv,179
understat:27152,La_liga,2024/25,2024-12-22,Las Palmas,Espanyol,MATCHED,True,True,,2.1,3.25,3.8,2425-SP1.csv,180
understat:27158,La_liga,2024/25,2024-12-22,Leganes,Villarreal,MATCHED,True,True,,4.2,3.5,1.9,2425-SP1.csv,181
understat:27153,La_liga,2024/25,2024-12-22,Real Betis,Rayo Vallecano,MATCHED,True,True,,1.7,3.75,5.0,2425-SP1.csv,182
understat:27099,La_liga,2024/25,2025-01-03,Valencia,Real Madrid,MATCHED,True,True,,7.0,4.75,1.42,2425-SP1.csv,183
understat:27169,La_liga,2024/25,2025-01-10,Rayo Vallecano,Celta Vigo,MATCHED,True,True,,2.8,3.2,2.63,2425-SP1.csv,184
understat:27166,La_liga,2024/25,2025-01-11,Alaves,Girona,MATCHED,True,True,,3.1,3.1,2.45,2425-SP1.csv,185
understat:27168,La_liga,2024/25,2025-01-11,Real Valladolid,Real Betis,MATCHED,True,True,,4.75,3.6,1.73,2425-SP1.csv,186
understat:27171,La_liga,2024/25,2025-01-11,Espanyol,Leganes,MATCHED,True,True,,2.05,2.9,4.5,2425-SP1.csv,187
understat:27165,La_liga,2024/25,2025-01-11,Sevilla,Valencia,MATCHED,True,True,,2.05,3.2,3.9,2425-SP1.csv,188
understat:27170,La_liga,2024/25,2025-01-12,Las Palmas,Getafe,MATCHED,True,True,,2.5,2.75,3.4,2425-SP1.csv,189
understat:27163,La_liga,2024/25,2025-01-12,Atletico Madrid,Osasuna,MATCHED,True,True,,1.33,5.0,11.0,2425-SP1.csv,190
understat:27164,La_liga,2024/25,2025-01-13,Real Sociedad,Villarreal,MATCHED,True,True,,1.95,3.4,4.0,2425-SP1.csv,191
understat:27172,La_liga,2024/25,2025-01-17,Espanyol,Real Valladolid,MATCHED,True,True,,1.8,3.25,5.25,2425-SP1.csv,192
understat:27173,La_liga,2024/25,2025-01-18,Girona,Sevilla,MATCHED,True,True,,1.9,3.4,4.2,2425-SP1.csv,193
understat:27176,La_liga,2024/25,2025-01-18,Leganes,Atletico Madrid,MATCHED,True,True,,7.0,4.0,1.53,2425-SP1.csv,194
understat:27181,La_liga,2024/25,2025-01-18,Real Betis,Alaves,MATCHED,True,True,,1.83,3.5,4.5,2425-SP1.csv,195
understat:27177,La_liga,2024/25,2025-01-18,Getafe,Barcelona,MATCHED,True,True,,6.5,4.33,1.48,2425-SP1.csv,196
understat:27175,La_liga,2024/25,2025-01-19,Celta Vigo,Athletic Club,MATCHED,True,True,,3.25,3.3,2.25,2425-SP1.csv,197
understat:27180,La_liga,2024/25,2025-01-19,Real Madrid,Las Palmas,MATCHED,True,True,,1.17,7.0,17.0,2425-SP1.csv,198
understat:27174,La_liga,2024/25,2025-01-19,Osasuna,Rayo Vallecano,MATCHED,True,True,,2.3,3.1,3.4,2425-SP1.csv,199
understat:27179,La_liga,2024/25,2025-01-19,Valencia,Real Sociedad,MATCHED,True,True,,3.1,2.8,2.6,2425-SP1.csv,200
understat:27178,La_liga,2024/25,2025-01-20,Villarreal,Mallorca,MATCHED,True,True,,1.7,3.6,5.25,2425-SP1.csv,201
understat:27185,La_liga,2024/25,2025-01-24,Las Palmas,Osasuna,MATCHED,True,True,,2.55,3.2,2.9,2425-SP1.csv,202
understat:27187,La_liga,2024/25,2025-01-25,Mallorca,Real Betis,MATCHED,True,True,,2.05,3.0,4.2,2425-SP1.csv,203
understat:27183,La_liga,2024/25,2025-01-25,Atletico Madrid,Villarreal,MATCHED,True,True,,2.0,3.5,3.7,2425-SP1.csv,204
understat:27191,La_liga,2024/25,2025-01-25,Sevilla,Espanyol,MATCHED,True,True,,1.75,3.5,5.0,2425-SP1.csv,205
understat:27190,La_liga,2024/25,2025-01-25,Real Valladolid,Real Madrid,MATCHED,True,True,,12.0,6.5,1.22,2425-SP1.csv,206
understat:27189,La_liga,2024/25,2025-01-26,Rayo Vallecano,Girona,MATCHED,True,True,,2.55,3.1,3.0,2425-SP1.csv,207
understat:27188,La_liga,2024/25,2025-01-26,Real Sociedad,Getafe,MATCHED,True,True,,1.91,2.9,5.25,2425-SP1.csv,208
understat:27182,La_liga,2024/25,2025-01-26,Athletic Club,Leganes,MATCHED,True,True,,1.36,4.5,10.0,2425-SP1.csv,209
understat:27184,La_liga,2024/25,2025-01-26,Barcelona,Valencia,MATCHED,True,True,,1.22,6.5,11.0,2425-SP1.csv,210
understat:27186,La_liga,2024/25,2025-01-27,Alaves,Celta Vigo,MATCHED,True,True,,2.25,3.1,3.4,2425-SP1.csv,211
understat:27197,La_liga,2024/25,2025-01-31,Leganes,Rayo Vallecano,MATCHED,True,True,,3.3,3.0,2.38,2425-SP1.csv,212
understat:27193,La_liga,2024/25,2025-02-01,Getafe,Sevilla,MATCHED,True,True,,2.75,2.8,3.0,2425-SP1.csv,213
understat:27196,La_liga,2024/25,2025-02-01,Villarreal,Real Valladolid,MATCHED,True,True,,1.2,7.5,12.0,2425-SP1.csv,214
understat:27192,La_liga,2024/25,2025-02-01,Atletico Madrid,Mallorca,MATCHED,True,True,,1.5,4.1,7.0,2425-SP1.csv,215
understat:27201,La_liga,2024/25,2025-02-01,Espanyol,Real Madrid,MATCHED,True,True,,9.0,5.75,1.3,2425-SP1.csv,216
understat:27200,La_liga,2024/25,2025-02-02,Barcelona,Alaves,MATCHED,True,True,,1.17,8.5,13.0,2425-SP1.csv,217
understat:27199,La_liga,2024/25,2025-02-02,Valencia,Celta Vigo,MATCHED,True,True,,2.25,3.0,3.5,2425-SP1.csv,218
understat:27195,La_liga,2024/25,2025-02-02,Osasuna,Real Sociedad,MATCHED,True,True,,3.0,3.1,2.45,2425-SP1.csv,219
understat:27198,La_liga,2024/25,2025-02-02,Real Betis,Athletic Club,MATCHED,True,True,,3.0,3.3,2.35,2425-SP1.csv,220
understat:27194,La_liga,2024/25,2025-02-03,Girona,Las Palmas,MATCHED,True,True,,1.45,4.5,6.5,2425-SP1.csv,221
understat:27211,La_liga,2024/25,2025-02-07,Rayo Vallecano,Real Valladolid,MATCHED,True,True,,1.4,4.33,9.0,2425-SP1.csv,222
understat:27207,La_liga,2024/25,2025-02-08,Celta Vigo,Real Betis,MATCHED,True,True,,2.15,3.4,3.5,2425-SP1.csv,223
understat:27209,La_liga,2024/25,2025-02-08,Athletic Club,Girona,MATCHED,True,True,,1.73,3.6,5.0,2425-SP1.csv,224
understat:27203,La_liga,2024/25,2025-02-08,Las Palmas,Villarreal,MATCHED,True,True,,5.5,4.0,1.6,2425-SP1.csv,225
understat:27205,La_liga,2024/25,2025-02-08,Real Madrid,Atletico Madrid,MATCHED,True,True,,1.95,3.75,3.6,2425-SP1.csv,226
understat:27204,La_liga,2024/25,2025-02-09,Alaves,Getafe,MATCHED,True,True,,2.35,2.8,3.7,2425-SP1.csv,227
understat:27208,La_liga,2024/25,2025-02-09,Valencia,Leganes,MATCHED,True,True,,1.75,3.4,5.25,2425-SP1.csv,228
understat:27202,La_liga,2024/25,2025-02-09,Real Sociedad,Espanyol,MATCHED,True,True,,1.62,3.7,6.25,2425-SP1.csv,229
understat:27206,La_liga,2024/25,2025-02-09,Sevilla,Barcelona,MATCHED,True,True,,6.0,4.75,1.45,2425-SP1.csv,230
understat:27210,La_liga,2024/25,2025-02-10,Mallorca,Osasuna,MATCHED,True,True,,2.25,3.0,3.5,2425-SP1.csv,231
understat:27213,La_liga,2024/25,2025-02-14,Girona,Getafe,MATCHED,True,True,,1.9,3.1,4.75,2425-SP1.csv,232
understat:27219,La_liga,2024/25,2025-02-15,Leganes,Alaves,MATCHED,True,True,,3.6,3.0,2.25,2425-SP1.csv,233
understat:27220,La_liga,2024/25,2025-02-15,Osasuna,Real Madrid,MATCHED,True,True,,6.25,4.75,1.45,2425-SP1.csv,234
understat:27212,La_liga,2024/25,2025-02-15,Atletico Madrid,Celta Vigo,MATCHED,True,True,,1.4,4.5,8.0,2425-SP1.csv,235
understat:27216,La_liga,2024/25,2025-02-15,Villarreal,Valencia,MATCHED,True,True,,1.7,3.8,5.0,2425-SP1.csv,236
understat:27221,La_liga,2024/25,2025-02-16,Espanyol,Athletic Club,MATCHED,True,True,,5.0,3.6,1.73,2425-SP1.csv,237
understat:27215,La_liga,2024/25,2025-02-16,Real Valladolid,Sevilla,MATCHED,True,True,,4.0,3.4,1.95,2425-SP1.csv,238
understat:27217,La_liga,2024/25,2025-02-16,Mallorca,Las Palmas,MATCHED,True,True,,1.8,3.5,4.5,2425-SP1.csv,239
understat:27218,La_liga,2024/25,2025-02-16,Real Betis,Real Sociedad,MATCHED,True,True,,2.35,3.2,3.25,2425-SP1.csv,240
understat:27214,La_liga,2024/25,2025-02-17,Barcelona,Rayo Vallecano,MATCHED,True,True,,1.22,7.0,12.0,2425-SP1.csv,241
understat:27223,La_liga,2024/25,2025-02-21,Celta Vigo,Osasuna,MATCHED,True,True,,1.7,3.7,5.0,2425-SP1.csv,242
understat:27231,La_liga,2024/25,2025-02-22,Alaves,Espanyol,MATCHED,True,True,,1.82,3.1,5.25,2425-SP1.csv,243
understat:27224,La_liga,2024/25,2025-02-22,Rayo Vallecano,Villarreal,MATCHED,True,True,,2.75,3.25,2.6,2425-SP1.csv,244
understat:27225,La_liga,2024/25,2025-02-22,Valencia,Atletico Madrid,MATCHED,True,True,,3.9,3.2,2.05,2425-SP1.csv,245
understat:27226,La_liga,2024/25,2025-02-22,Las Palmas,Barcelona,MATCHED,True,True,,9.0,7.0,1.22,2425-SP1.csv,246
understat:27222,La_liga,2024/25,2025-02-23,Athletic Club,Real Valladolid,MATCHED,True,True,,1.2,6.5,17.0,2425-SP1.csv,247
understat:27228,La_liga,2024/25,2025-02-23,Real Madrid,Girona,MATCHED,True,True,,1.3,6.25,8.0,2425-SP1.csv,248
understat:27227,La_liga,2024/25,2025-02-23,Getafe,Real Betis,MATCHED,True,True,,2.9,2.9,2.7,2425-SP1.csv,249
understat:27230,La_liga,2024/25,2025-02-23,Real Sociedad,Leganes,MATCHED,True,True,,1.62,3.7,6.25,2425-SP1.csv,250
understat:27229,La_liga,2024/25,2025-02-24,Sevilla,Mallorca,MATCHED,True,True,,1.91,3.2,4.33,2425-SP1.csv,251
understat:27239,La_liga,2024/25,2025-02-28,Real Valladolid,Las Palmas,MATCHED,True,True,,2.9,3.1,2.55,2425-SP1.csv,252
understat:27237,La_liga,2024/25,2025-03-01,Girona,Celta Vigo,MATCHED,True,True,,2.15,3.25,3.5,2425-SP1.csv,253
understat:27235,La_liga,2024/25,2025-03-01,Rayo Vallecano,Sevilla,MATCHED,True,True,,2.5,3.0,3.2,2425-SP1.csv,254
understat:27233,La_liga,2024/25,2025-03-01,Real Betis,Real Madrid,MATCHED,True,True,,3.7,3.75,1.91,2425-SP1.csv,255
understat:27236,La_liga,2024/25,2025-03-01,Atletico Madrid,Athletic Club,MATCHED,True,True,,2.1,3.3,3.5,2425-SP1.csv,256
understat:27238,La_liga,2024/25,2025-03-02,Leganes,Getafe,MATCHED,True,True,,2.9,2.8,2.75,2425-SP1.csv,257
understat:27232,La_liga,2024/25,2025-03-02,Barcelona,Real Sociedad,MATCHED,True,True,,1.25,6.0,11.0,2425-SP1.csv,258
understat:27240,La_liga,2024/25,2025-03-02,Mallorca,Alaves,MATCHED,True,True,,2.45,3.0,3.2,2425-SP1.csv,259
understat:27234,La_liga,2024/25,2025-03-02,Osasuna,Valencia,MATCHED,True,True,,2.15,3.2,3.6,2425-SP1.csv,260
understat:27246,La_liga,2024/25,2025-03-08,Celta Vigo,Leganes,MATCHED,True,True,,1.55,4.0,6.25,2425-SP1.csv,261
understat:27249,La_liga,2024/25,2025-03-08,Alaves,Villarreal,MATCHED,True,True,,3.0,3.1,2.45,2425-SP1.csv,262
understat:27248,La_liga,2024/25,2025-03-08,Valencia,Real Valladolid,MATCHED,True,True,,1.4,4.5,8.0,2425-SP1.csv,263
understat:27250,La_liga,2024/25,2025-03-09,Getafe,Atletico Madrid,MATCHED,True,True,,4.75,3.2,1.87,2425-SP1.csv,264
understat:27251,La_liga,2024/25,2025-03-09,Real Madrid,Rayo Vallecano,MATCHED,True,True,,1.3,5.5,9.5,2425-SP1.csv,265
understat:27243,La_liga,2024/25,2025-03-09,Athletic Club,Mallorca,MATCHED,True,True,,1.7,3.4,5.5,2425-SP1.csv,266
understat:27245,La_liga,2024/25,2025-03-09,Real Betis,Las Palmas,MATCHED,True,True,,1.33,5.0,9.5,2425-SP1.csv,267
understat:27247,La_liga,2024/25,2025-03-09,Real Sociedad,Sevilla,MATCHED,True,True,,2.45,3.1,3.1,2425-SP1.csv,268
understat:27242,La_liga,2024/25,2025-03-10,Espanyol,Girona,MATCHED,True,True,,3.4,3.2,2.25,2425-SP1.csv,269
understat:27260,La_liga,2024/25,2025-03-14,Las Palmas,Alaves,MATCHED,True,True,,2.8,3.0,2.75,2425-SP1.csv,270
understat:27257,La_liga,2024/25,2025-03-15,Real Valladolid,Celta Vigo,MATCHED,True,False,EXISTING_MODEL_REVIEW_EXCLUSION,4.75,3.8,1.73,2425-SP1.csv,271
understat:27261,La_liga,2024/25,2025-03-15,Mallorca,Espanyol,MATCHED,True,True,,1.8,3.4,4.75,2425-SP1.csv,272
understat:27259,La_liga,2024/25,2025-03-15,Villarreal,Real Madrid,MATCHED,True,True,,3.1,3.6,2.2,2425-SP1.csv,273
understat:27253,La_liga,2024/25,2025-03-15,Girona,Valencia,MATCHED,True,True,,1.91,3.7,3.9,2425-SP1.csv,274
understat:27256,La_liga,2024/25,2025-03-16,Leganes,Real Betis,MATCHED,True,True,,3.9,3.3,2.0,2425-SP1.csv,275
understat:27255,La_liga,2024/25,2025-03-16,Sevilla,Athletic Club,MATCHED,True,True,,2.5,3.1,3.0,2425-SP1.csv,276
understat:27254,La_liga,2024/25,2025-03-16,Rayo Vallecano,Real Sociedad,MATCHED,True,True,,2.38,2.9,3.5,2425-SP1.csv,278
understat:27258,La_liga,2024/25,2025-03-16,Osasuna,Getafe,MATCHED,True,True,,2.38,2.8,3.6,2425-SP1.csv,277
understat:27252,La_liga,2024/25,2025-03-16,Atletico Madrid,Barcelona,MATCHED,True,True,,3.1,3.5,2.2,2425-SP1.csv,279
understat:27244,La_liga,2024/25,2025-03-27,Barcelona,Osasuna,MATCHED,True,True,,1.18,7.5,15.0,2425-SP1.csv,280
understat:27265,La_liga,2024/25,2025-03-29,Real Sociedad,Real Valladolid,MATCHED,True,True,,1.36,4.75,9.5,2425-SP1.csv,281
understat:27262,La_liga,2024/25,2025-03-29,Espanyol,Atletico Madrid,MATCHED,True,True,,5.5,3.7,1.65,2425-SP1.csv,282
understat:27266,La_liga,2024/25,2025-03-29,Alaves,Rayo Vallecano,MATCHED,True,True,,2.1,3.0,4.1,2425-SP1.csv,283
understat:27268,La_liga,2024/25,2025-03-29,Real Madrid,Leganes,MATCHED,True,True,,1.2,6.5,13.0,2425-SP1.csv,284
understat:27264,La_liga,2024/25,2025-03-30,Getafe,Villarreal,MATCHED,True,True,,3.2,3.1,2.38,2425-SP1.csv,285
understat:27270,La_liga,2024/25,2025-03-30,Barcelona,Girona,MATCHED,True,True,,1.3,6.0,8.5,2425-SP1.csv,286
understat:27267,La_liga,2024/25,2025-03-30,Valencia,Mallorca,MATCHED,True,True,,1.95,3.2,4.33,2425-SP1.csv,288
understat:27269,La_liga,2024/25,2025-03-30,Athletic Club,Osasuna,MATCHED,True,True,,1.48,4.0,7.0,2425-SP1.csv,287
understat:27271,La_liga,2024/25,2025-03-30,Real Betis,Sevilla,MATCHED,True,True,,1.75,3.5,5.0,2425-SP1.csv,289
understat:27263,La_liga,2024/25,2025-03-31,Celta Vigo,Las Palmas,MATCHED,True,True,,1.57,4.1,5.75,2425-SP1.csv,290
understat:27281,La_liga,2024/25,2025-04-04,Rayo Vallecano,Espanyol,MATCHED,True,True,,1.65,3.5,6.0,2425-SP1.csv,291
understat:27280,La_liga,2024/25,2025-04-05,Girona,Alaves,MATCHED,True,True,,2.05,3.4,3.6,2425-SP1.csv,292
understat:27273,La_liga,2024/25,2025-04-05,Real Madrid,Valencia,MATCHED,True,True,,1.29,6.25,9.0,2425-SP1.csv,293
understat:27278,La_liga,2024/25,2025-04-05,Mallorca,Celta Vigo,MATCHED,True,True,,2.88,3.1,2.63,2425-SP1.csv,294
understat:27272,La_liga,2024/25,2025-04-05,Barcelona,Real Betis,MATCHED,True,True,,1.36,5.75,6.5,2425-SP1.csv,295
understat:27274,La_liga,2024/25,2025-04-06,Las Palmas,Real Sociedad,MATCHED,True,True,,3.1,3.3,2.3,2425-SP1.csv,296
understat:27277,La_liga,2024/25,2025-04-06,Sevilla,Atletico Madrid,MATCHED,True,True,,3.5,3.2,2.2,2425-SP1.csv,297
understat:27279,La_liga,2024/25,2025-04-06,Real Valladolid,Getafe,MATCHED,True,True,,4.33,3.1,2.0,2425-SP1.csv,298
understat:27276,La_liga,2024/25,2025-04-06,Villarreal,Athletic Club,MATCHED,True,True,,2.3,3.3,3.2,2425-SP1.csv,299
understat:27275,La_liga,2024/25,2025-04-07,Leganes,Osasuna,MATCHED,True,True,,2.7,2.9,3.0,2425-SP1.csv,300
understat:27291,La_liga,2024/25,2025-04-11,Valencia,Sevilla,MATCHED,True,True,,2.35,3.1,3.3,2425-SP1.csv,301
understat:27290,La_liga,2024/25,2025-04-12,Real Sociedad,Mallorca,MATCHED,True,True,,2.05,3.1,4.0,2425-SP1.csv,302
understat:27286,La_liga,2024/25,2025-04-12,Getafe,Las Palmas,MATCHED,True,True,,1.67,3.7,5.25,2425-SP1.csv,303
understat:27282,La_liga,2024/25,2025-04-12,Celta Vigo,Espanyol,MATCHED,True,True,,1.62,3.7,6.0,2425-SP1.csv,304
understat:27288,La_liga,2024/25,2025-04-12,Leganes,Barcelona,MATCHED,True,True,,9.0,6.5,1.25,2425-SP1.csv,305
understat:27289,La_liga,2024/25,2025-04-13,Osasuna,Girona,MATCHED,True,True,,2.6,3.0,3.0,2425-SP1.csv,306
understat:27287,La_liga,2024/25,2025-04-13,Alaves,Real Madrid,MATCHED,True,True,,4.75,3.8,1.7,2425-SP1.csv,307
understat:27285,La_liga,2024/25,2025-04-13,Real Betis,Villarreal,MATCHED,True,True,,2.15,3.5,3.3,2425-SP1.csv,308
understat:27283,La_liga,2024/25,2025-04-13,Athletic Club,Rayo Vallecano,MATCHED,True,True,,1.8,3.2,5.25,2425-SP1.csv,309
understat:27284,La_liga,2024/25,2025-04-14,Atletico Madrid,Real Valladolid,MATCHED,True,True,,1.09,9.0,26.0,2425-SP1.csv,310
understat:27301,La_liga,2024/25,2025-04-18,Espanyol,Getafe,MATCHED,True,True,,2.75,2.63,3.2,2425-SP1.csv,311
understat:27293,La_liga,2024/25,2025-04-19,Rayo Vallecano,Valencia,MATCHED,True,True,,2.4,3.1,3.1,2425-SP1.csv,312
understat:27292,La_liga,2024/25,2025-04-19,Barcelona,Celta Vigo,MATCHED,True,True,,1.25,7.0,9.5,2425-SP1.csv,313
understat:27300,La_liga,2024/25,2025-04-19,Mallorca,Leganes,MATCHED,True,True,,1.8,3.1,5.75,2425-SP1.csv,314
understat:27295,La_liga,2024/25,2025-04-19,Las Palmas,Atletico Madrid,MATCHED,True,True,,5.5,3.9,1.62,2425-SP1.csv,315
understat:27297,La_liga,2024/25,2025-04-20,Real Valladolid,Osasuna,MATCHED,True,True,,5.25,3.5,1.73,2425-SP1.csv,316
understat:27298,La_liga,2024/25,2025-04-20,Villarreal,Real Sociedad,MATCHED,True,True,,1.62,4.2,5.0,2425-SP1.csv,317
understat:27299,La_liga,2024/25,2025-04-20,Sevilla,Alaves,MATCHED,True,True,,2.1,2.9,4.2,2425-SP1.csv,318
understat:27294,La_liga,2024/25,2025-04-20,Real Madrid,Athletic Club,MATCHED,True,True,,1.42,4.5,7.5,2425-SP1.csv,319
understat:27296,La_liga,2024/25,2025-04-21,Girona,Real Betis,MATCHED,True,True,,2.55,3.3,2.75,2425-SP1.csv,320
understat:27302,La_liga,2024/25,2025-04-22,Valencia,Espanyol,MATCHED,True,True,,1.95,3.3,4.1,2425-SP1.csv,321
understat:27305,La_liga,2024/25,2025-04-22,Barcelona,Mallorca,MATCHED,True,True,,1.29,5.5,10.0,2425-SP1.csv,322
understat:27303,La_liga,2024/25,2025-04-23,Athletic Club,Las Palmas,MATCHED,True,True,,1.38,5.0,7.5,2425-SP1.csv,323
understat:27307,La_liga,2024/25,2025-04-23,Celta Vigo,Villarreal,MATCHED,True,True,,2.38,3.5,2.9,2425-SP1.csv,324
understat:27308,La_liga,2024/25,2025-04-23,Getafe,Real Madrid,MATCHED,True,True,,6.0,3.7,1.6,2425-SP1.csv,326
understat:27310,La_liga,2024/25,2025-04-23,Alaves,Real Sociedad,MATCHED,True,True,,2.3,3.1,3.4,2425-SP1.csv,325
understat:27309,La_liga,2024/25,2025-04-24,Osasuna,Sevilla,MATCHED,True,True,,2.3,2.9,3.6,2425-SP1.csv,328
understat:27311,La_liga,2024/25,2025-04-24,Leganes,Girona,MATCHED,True,True,,3.25,3.0,2.4,2425-SP1.csv,327
understat:27304,La_liga,2024/25,2025-04-24,Atletico Madrid,Rayo Vallecano,MATCHED,True,True,,1.48,4.33,7.0,2425-SP1.csv,329
understat:27306,La_liga,2024/25,2025-04-24,Real Betis,Real Valladolid,MATCHED,True,True,,1.14,8.0,13.0,2425-SP1.csv,330
understat:27241,La_liga,2024/25,2025-04-27,Villarreal,Espanyol,MATCHED,True,True,,1.38,5.25,7.0,2425-SP1.csv,331
understat:27318,La_liga,2024/25,2025-05-02,Rayo Vallecano,Getafe,MATCHED,True,True,,2.4,2.9,3.4,2425-SP1.csv,332
understat:27314,La_liga,2024/25,2025-05-03,Alaves,Atletico Madrid,MATCHED,True,True,,3.8,3.2,2.1,2425-SP1.csv,333
understat:27319,La_liga,2024/25,2025-05-03,Villarreal,Osasuna,MATCHED,True,True,,1.42,4.75,7.0,2425-SP1.csv,334
understat:27313,La_liga,2024/25,2025-05-03,Las Palmas,Valencia,MATCHED,True,True,,2.55,3.1,2.9,2425-SP1.csv,335
understat:27316,La_liga,2024/25,2025-05-03,Real Valladolid,Barcelona,MATCHED,True,True,,8.5,5.25,1.33,2425-SP1.csv,336
understat:27317,La_liga,2024/25,2025-05-04,Real Madrid,Celta Vigo,MATCHED,True,True,,1.36,5.75,7.0,2425-SP1.csv,337
understat:27320,La_liga,2024/25,2025-05-04,Sevilla,Leganes,MATCHED,True,True,,1.65,3.75,5.75,2425-SP1.csv,338
understat:27321,La_liga,2024/25,2025-05-04,Espanyol,Real Betis,MATCHED,True,True,,3.25,3.1,2.38,2425-SP1.csv,339
understat:27315,La_liga,2024/25,2025-05-04,Real Sociedad,Athletic Club,MATCHED,True,True,,2.5,2.9,3.2,2425-SP1.csv,340
understat:27312,La_liga,2024/25,2025-05-05,Girona,Mallorca,MATCHED,True,True,,2.0,3.25,4.0,2425-SP1.csv,341
understat:27329,La_liga,2024/25,2025-05-09,Las Palmas,Rayo Vallecano,MATCHED,True,True,,2.63,3.1,2.8,2425-SP1.csv,342
understat:27330,La_liga,2024/25,2025-05-10,Valencia,Getafe,MATCHED,True,True,,1.95,3.1,4.5,2425-SP1.csv,343
understat:27326,La_liga,2024/25,2025-05-10,Celta Vigo,Sevilla,MATCHED,True,True,,1.85,3.5,4.2,2425-SP1.csv,344
understat:27327,La_liga,2024/25,2025-05-10,Girona,Villarreal,MATCHED,True,True,,2.8,3.6,2.3,2425-SP1.csv,345
understat:27328,La_liga,2024/25,2025-05-10,Mallorca,Real Valladolid,MATCHED,True,True,,1.33,5.25,8.5,2425-SP1.csv,346
understat:27323,La_liga,2024/25,2025-05-10,Atletico Madrid,Real Sociedad,MATCHED,True,True,,1.75,3.5,4.75,2425-SP1.csv,347
understat:27322,La_liga,2024/25,2025-05-11,Leganes,Espanyol,MATCHED,True,True,,2.25,3.25,3.2,2425-SP1.csv,348
understat:27324,La_liga,2024/25,2025-05-11,Barcelona,Real Madrid,MATCHED,True,True,,1.83,4.33,3.6,2425-SP1.csv,349
understat:27331,La_liga,2024/25,2025-05-11,Athletic Club,Alaves,MATCHED,True,True,,2.05,2.9,4.33,2425-SP1.csv,350
understat:27325,La_liga,2024/25,2025-05-11,Real Betis,Osasuna,MATCHED,True,True,,1.62,4.1,5.25,2425-SP1.csv,351
understat:27338,La_liga,2024/25,2025-05-13,Real Valladolid,Girona,MATCHED,True,True,,4.5,4.0,1.7,2425-SP1.csv,352
understat:27337,La_liga,2024/25,2025-05-13,Real Sociedad,Celta Vigo,MATCHED,True,True,,2.25,3.25,3.3,2425-SP1.csv,353
understat:27340,La_liga,2024/25,2025-05-13,Sevilla,Las Palmas,MATCHED,True,True,,1.67,3.75,5.0,2425-SP1.csv,354
understat:27333,La_liga,2024/25,2025-05-14,Alaves,Valencia,MATCHED,True,True,,2.25,2.88,3.8,2425-SP1.csv,355
understat:27341,La_liga,2024/25,2025-05-14,Villarreal,Leganes,MATCHED,True,True,,1.3,6.0,8.5,2425-SP1.csv,356
understat:27339,La_liga,2024/25,2025-05-14,Real Madrid,Mallorca,MATCHED,True,True,,1.44,4.75,6.5,2425-SP1.csv,357
understat:27335,La_liga,2024/25,2025-05-15,Osasuna,Atletico Madrid,MATCHED,True,True,,3.5,3.4,2.1,2425-SP1.csv,359
understat:27336,La_liga,2024/25,2025-05-15,Rayo Vallecano,Real Betis,MATCHED,True,True,,3.2,3.25,2.3,2425-SP1.csv,358
understat:27332,La_liga,2024/25,2025-05-15,Espanyol,Barcelona,MATCHED,True,True,,7.5,5.75,1.33,2425-SP1.csv,360
understat:27334,La_liga,2024/25,2025-05-15,Getafe,Athletic Club,MATCHED,True,True,,3.1,2.6,2.88,2425-SP1.csv,361
understat:27342,La_liga,2024/25,2025-05-18,Atletico Madrid,Real Betis,MATCHED,True,True,,1.53,4.33,5.75,2425-SP1.csv,362
understat:27343,La_liga,2024/25,2025-05-18,Barcelona,Villarreal,MATCHED,True,True,,1.67,4.5,4.2,2425-SP1.csv,363
understat:27344,La_liga,2024/25,2025-05-18,Celta Vigo,Rayo Vallecano,MATCHED,True,True,,1.9,3.5,4.1,2425-SP1.csv,364
understat:27345,La_liga,2024/25,2025-05-18,Valencia,Athletic Club,MATCHED,True,True,,2.55,2.9,3.1,2425-SP1.csv,370
understat:27346,La_liga,2024/25,2025-05-18,Mallorca,Getafe,MATCHED,True,True,,2.45,2.88,3.3,2425-SP1.csv,366
understat:27347,La_liga,2024/25,2025-05-18,Real Sociedad,Girona,MATCHED,True,True,,1.7,3.75,5.25,2425-SP1.csv,369
understat:27348,La_liga,2024/25,2025-05-18,Sevilla,Real Madrid,MATCHED,True,True,,3.0,3.7,2.2,2425-SP1.csv,368
understat:27349,La_liga,2024/25,2025-05-18,Real Valladolid,Alaves,MATCHED,True,True,,5.75,3.6,1.65,2425-SP1.csv,371
understat:27350,La_liga,2024/25,2025-05-18,Las Palmas,Leganes,MATCHED,True,True,,3.2,3.5,2.2,2425-SP1.csv,365
understat:27351,La_liga,2024/25,2025-05-18,Osasuna,Espanyol,MATCHED,True,True,,2.0,3.3,4.0,2425-SP1.csv,367
understat:27354,La_liga,2024/25,2025-05-23,Real Betis,Valencia,MATCHED,True,True,,1.9,3.9,3.7,2425-SP1.csv,372
understat:27355,La_liga,2024/25,2025-05-24,Real Madrid,Real Sociedad,MATCHED,True,True,,1.36,5.5,7.0,2425-SP1.csv,373
understat:27352,La_liga,2024/25,2025-05-24,Espanyol,Las Palmas,MATCHED,True,True,,1.4,5.0,7.0,2425-SP1.csv,374
understat:27357,La_liga,2024/25,2025-05-24,Leganes,Real Valladolid,MATCHED,True,True,,1.33,5.5,8.5,2425-SP1.csv,375
understat:27356,La_liga,2024/25,2025-05-24,Alaves,Osasuna,MATCHED,True,True,,3.2,3.2,2.3,2425-SP1.csv,376
understat:27359,La_liga,2024/25,2025-05-24,Getafe,Celta Vigo,MATCHED,True,True,,4.75,3.9,1.7,2425-SP1.csv,377
understat:27360,La_liga,2024/25,2025-05-24,Rayo Vallecano,Mallorca,MATCHED,True,True,,1.48,4.1,7.5,2425-SP1.csv,378
understat:27358,La_liga,2024/25,2025-05-25,Girona,Atletico Madrid,MATCHED,True,True,,3.3,3.5,2.15,2425-SP1.csv,379
understat:27361,La_liga,2024/25,2025-05-25,Villarreal,Sevilla,MATCHED,True,True,,1.75,4.33,4.0,2425-SP1.csv,380
understat:27353,La_liga,2024/25,2025-05-25,Athletic Club,Barcelona,MATCHED,True,True,,3.2,3.9,2.05,2425-SP1.csv,381
understat:29158,La_liga,2025/26,2025-08-15,Girona,Rayo Vallecano,MATCHED,True,True,,2.45,3.2,3.1,2526-SP1.csv,2
understat:29159,La_liga,2025/26,2025-08-15,Villarreal,Real Oviedo,MATCHED,True,True,,1.4,4.75,8.0,2526-SP1.csv,3
understat:29160,La_liga,2025/26,2025-08-16,Mallorca,Barcelona,MATCHED,True,True,,9.5,5.5,1.3,2526-SP1.csv,4
understat:29161,La_liga,2025/26,2025-08-16,Alaves,Levante,MATCHED,True,True,,2.1,3.1,3.9,2526-SP1.csv,5
understat:29162,La_liga,2025/26,2025-08-16,Valencia,Real Sociedad,MATCHED,True,True,,2.45,3.0,3.2,2526-SP1.csv,6
understat:29163,La_liga,2025/26,2025-08-17,Celta Vigo,Getafe,MATCHED,True,True,,1.67,3.5,5.75,2526-SP1.csv,7
understat:29164,La_liga,2025/26,2025-08-17,Athletic Club,Sevilla,MATCHED,True,True,,1.53,3.8,6.5,2526-SP1.csv,8
understat:29165,La_liga,2025/26,2025-08-17,Espanyol,Atletico Madrid,MATCHED,True,True,,5.5,3.9,1.62,2526-SP1.csv,9
understat:29166,La_liga,2025/26,2025-08-18,Elche,Real Betis,MATCHED,True,True,,3.2,3.25,2.3,2526-SP1.csv,10
understat:29167,La_liga,2025/26,2025-08-19,Real Madrid,Osasuna,MATCHED,True,True,,1.22,7.0,11.0,2526-SP1.csv,11
understat:29168,La_liga,2025/26,2025-08-22,Real Betis,Alaves,MATCHED,True,True,,1.83,3.4,4.5,2526-SP1.csv,12
understat:29169,La_liga,2025/26,2025-08-23,Mallorca,Celta Vigo,MATCHED,True,True,,3.3,3.2,2.3,2526-SP1.csv,13
understat:29170,La_liga,2025/26,2025-08-23,Atletico Madrid,Elche,MATCHED,True,True,,1.29,5.75,10.0,2526-SP1.csv,14
understat:29171,La_liga,2025/26,2025-08-23,Levante,Barcelona,MATCHED,True,True,,12.0,6.5,1.22,2526-SP1.csv,15
understat:29172,La_liga,2025/26,2025-08-24,Osasuna,Valencia,MATCHED,True,True,,2.2,3.3,3.4,2526-SP1.csv,16
understat:29173,La_liga,2025/26,2025-08-24,Villarreal,Girona,MATCHED,True,True,,1.47,4.2,6.5,2526-SP1.csv,18
understat:29174,La_liga,2025/26,2025-08-24,Real Sociedad,Espanyol,MATCHED,True,True,,1.82,3.5,4.33,2526-SP1.csv,17
understat:29175,La_liga,2025/26,2025-08-24,Real Oviedo,Real Madrid,MATCHED,True,True,,8.5,5.0,1.33,2526-SP1.csv,19
understat:29176,La_liga,2025/26,2025-08-25,Athletic Club,Rayo Vallecano,MATCHED,True,True,,1.7,3.5,5.5,2526-SP1.csv,20
understat:29177,La_liga,2025/26,2025-08-25,Sevilla,Getafe,MATCHED,True,True,,2.0,3.1,4.33,2526-SP1.csv,21
understat:29178,La_liga,2025/26,2025-08-27,Celta Vigo,Real Betis,MATCHED,True,True,,2.35,3.4,3.0,2526-SP1.csv,22
understat:29179,La_liga,2025/26,2025-08-29,Elche,Levante,MATCHED,True,True,,2.15,3.25,3.6,2526-SP1.csv,23
understat:29180,La_liga,2025/26,2025-08-29,Valencia,Getafe,MATCHED,True,True,,2.35,2.88,3.6,2526-SP1.csv,24
understat:29181,La_liga,2025/26,2025-08-30,Alaves,Atletico Madrid,MATCHED,True,True,,5.5,3.5,1.7,2526-SP1.csv,25
understat:29182,La_liga,2025/26,2025-08-30,Real Oviedo,Real Sociedad,MATCHED,True,True,,3.3,3.1,2.3,2526-SP1.csv,26
understat:29183,La_liga,2025/26,2025-08-30,Girona,Sevilla,MATCHED,True,True,,2.45,3.1,3.1,2526-SP1.csv,27
understat:29184,La_liga,2025/26,2025-08-30,Real Madrid,Mallorca,MATCHED,True,True,,1.17,7.5,13.0,2526-SP1.csv,28
understat:29185,La_liga,2025/26,2025-08-31,Celta Vigo,Villarreal,MATCHED,True,True,,3.2,3.5,2.2,2526-SP1.csv,29
understat:29186,La_liga,2025/26,2025-08-31,Real Betis,Athletic Club,MATCHED,True,True,,3.25,3.2,2.3,2526-SP1.csv,30
understat:29187,La_liga,2025/26,2025-08-31,Espanyol,Osasuna,MATCHED,True,True,,2.55,3.0,3.0,2526-SP1.csv,31
understat:29188,La_liga,2025/26,2025-08-31,Rayo Vallecano,Barcelona,MATCHED,True,True,,6.75,5.25,1.4,2526-SP1.csv,32
understat:29189,La_liga,2025/26,2025-09-12,Sevilla,Elche,MATCHED,True,True,,1.9,3.3,4.5,2526-SP1.csv,33
understat:29190,La_liga,2025/26,2025-09-13,Getafe,Real Oviedo,MATCHED,True,True,,2.0,2.88,4.75,2526-SP1.csv,34
understat:29195,La_liga,2025/26,2025-09-13,Real Sociedad,Real Madrid,MATCHED,True,True,,5.5,4.2,1.57,2526-SP1.csv,35
understat:29196,La_liga,2025/26,2025-09-13,Athletic Club,Alaves,MATCHED,True,True,,1.6,3.75,6.5,2526-SP1.csv,36
understat:29193,La_liga,2025/26,2025-09-13,Atletico Madrid,Villarreal,MATCHED,True,True,,1.75,3.75,4.5,2526-SP1.csv,37
understat:29192,La_liga,2025/26,2025-09-14,Celta Vigo,Girona,MATCHED,True,True,,1.7,3.8,5.0,2526-SP1.csv,38
understat:29191,La_liga,2025/26,2025-09-14,Levante,Real Betis,MATCHED,True,True,,3.7,3.5,1.95,2526-SP1.csv,39
understat:29197,La_liga,2025/26,2025-09-14,Osasuna,Rayo Vallecano,MATCHED,True,True,,2.8,2.9,2.8,2526-SP1.csv,40
understat:29194,La_liga,2025/26,2025-09-14,Barcelona,Valencia,MATCHED,True,True,,1.36,5.25,7.5,2526-SP1.csv,41
understat:29198,La_liga,2025/26,2025-09-15,Espanyol,Mallorca,MATCHED,True,True,,2.25,3.1,3.5,2526-SP1.csv,42
understat:29200,La_liga,2025/26,2025-09-19,Real Betis,Real Sociedad,MATCHED,True,True,,1.95,3.5,3.9,2526-SP1.csv,43
understat:29202,La_liga,2025/26,2025-09-20,Girona,Levante,MATCHED,True,True,,1.83,3.7,4.2,2526-SP1.csv,44
understat:29206,La_liga,2025/26,2025-09-20,Real Madrid,Espanyol,MATCHED,True,True,,1.18,7.0,15.0,2526-SP1.csv,45
understat:29207,La_liga,2025/26,2025-09-20,Villarreal,Osasuna,MATCHED,True,True,,1.7,3.7,5.0,2526-SP1.csv,47
understat:29208,La_liga,2025/26,2025-09-20,Alaves,Sevilla,MATCHED,True,True,,2.35,2.9,3.4,2526-SP1.csv,46
understat:29203,La_liga,2025/26,2025-09-20,Valencia,Athletic Club,MATCHED,True,True,,3.5,3.1,2.25,2526-SP1.csv,48
understat:29205,La_liga,2025/26,2025-09-21,Rayo Vallecano,Celta Vigo,MATCHED,True,True,,1.95,3.5,3.9,2526-SP1.csv,49
understat:29204,La_liga,2025/26,2025-09-21,Mallorca,Atletico Madrid,MATCHED,True,True,,4.75,3.6,1.75,2526-SP1.csv,50
understat:29201,La_liga,2025/26,2025-09-21,Elche,Real Oviedo,MATCHED,True,True,,2.0,3.3,3.9,2526-SP1.csv,51
understat:29199,La_liga,2025/26,2025-09-21,Barcelona,Getafe,MATCHED,True,True,,1.25,6.0,11.0,2526-SP1.csv,52
understat:29209,La_liga,2025/26,2025-09-23,Espanyol,Valencia,MATCHED,True,True,,2.4,3.1,3.2,2526-SP1.csv,54
understat:29217,La_liga,2025/26,2025-09-23,Athletic Club,Girona,MATCHED,True,True,,1.48,4.33,6.5,2526-SP1.csv,53
understat:29210,La_liga,2025/26,2025-09-23,Levante,Real Madrid,MATCHED,True,True,,9.0,5.75,1.3,2526-SP1.csv,55
understat:29211,La_liga,2025/26,2025-09-23,Sevilla,Villarreal,MATCHED,True,True,,3.3,3.4,2.2,2526-SP1.csv,56
understat:29212,La_liga,2025/26,2025-09-24,Getafe,Alaves,MATCHED,True,True,,2.05,2.88,4.5,2526-SP1.csv,57
understat:29215,La_liga,2025/26,2025-09-24,Real Sociedad,Mallorca,MATCHED,True,True,,1.75,3.5,5.0,2526-SP1.csv,59
understat:29216,La_liga,2025/26,2025-09-24,Atletico Madrid,Rayo Vallecano,MATCHED,True,True,,1.44,4.33,8.0,2526-SP1.csv,58
understat:29214,La_liga,2025/26,2025-09-25,Osasuna,Elche,MATCHED,True,True,,1.85,3.2,5.0,2526-SP1.csv,60
understat:29213,La_liga,2025/26,2025-09-25,Real Oviedo,Barcelona,MATCHED,True,True,,13.0,7.0,1.2,2526-SP1.csv,61
understat:29227,La_liga,2025/26,2025-09-26,Girona,Espanyol,MATCHED,True,True,,2.55,3.25,2.75,2526-SP1.csv,62
understat:29222,La_liga,2025/26,2025-09-27,Getafe,Levante,MATCHED,True,True,,2.1,3.0,3.9,2526-SP1.csv,63
understat:29219,La_liga,2025/26,2025-09-27,Atletico Madrid,Real Madrid,MATCHED,True,True,,3.1,3.5,2.25,2526-SP1.csv,64
understat:29224,La_liga,2025/26,2025-09-27,Mallorca,Alaves,MATCHED,True,True,,2.5,2.88,3.4,2526-SP1.csv,65
understat:29225,La_liga,2025/26,2025-09-27,Villarreal,Athletic Club,MATCHED,True,True,,2.05,3.3,3.8,2526-SP1.csv,66
understat:29223,La_liga,2025/26,2025-09-28,Rayo Vallecano,Sevilla,MATCHED,True,True,,2.0,3.3,4.0,2526-SP1.csv,67
understat:29226,La_liga,2025/26,2025-09-28,Elche,Celta Vigo,MATCHED,True,True,,2.88,3.2,2.6,2526-SP1.csv,68
understat:29220,La_liga,2025/26,2025-09-28,Barcelona,Real Sociedad,MATCHED,True,True,,1.36,5.25,8.0,2526-SP1.csv,69
understat:29221,La_liga,2025/26,2025-09-28,Real Betis,Osasuna,MATCHED,True,True,,1.85,3.5,4.2,2526-SP1.csv,70
understat:29218,La_liga,2025/26,2025-09-29,Valencia,Real Oviedo,UNMATCHED,,False,UNMATCHED;EXISTING_MODEL_REVIEW_EXCLUSION,,,,,
understat:29235,La_liga,2025/26,2025-10-03,Osasuna,Getafe,MATCHED,True,True,,2.15,2.9,4.2,2526-SP1.csv,72
understat:29236,La_liga,2025/26,2025-10-04,Real Oviedo,Levante,MATCHED,True,True,,2.4,3.1,3.1,2526-SP1.csv,73
understat:29230,La_liga,2025/26,2025-10-04,Girona,Valencia,MATCHED,True,True,,2.38,3.25,3.1,2526-SP1.csv,74
understat:29229,La_liga,2025/26,2025-10-04,Athletic Club,Mallorca,MATCHED,True,True,,1.62,3.6,6.5,2526-SP1.csv,75
understat:29231,La_liga,2025/26,2025-10-04,Real Madrid,Villarreal,MATCHED,True,True,,1.38,5.0,7.5,2526-SP1.csv,76
understat:29228,La_liga,2025/26,2025-10-05,Alaves,Elche,MATCHED,True,True,,2.2,3.0,3.75,2526-SP1.csv,77
understat:29233,La_liga,2025/26,2025-10-05,Sevilla,Barcelona,MATCHED,True,True,,5.5,5.0,1.48,2526-SP1.csv,78
understat:29234,La_liga,2025/26,2025-10-05,Espanyol,Real Betis,MATCHED,True,True,,2.6,3.4,2.7,2526-SP1.csv,79
understat:29237,La_liga,2025/26,2025-10-05,Real Sociedad,Rayo Vallecano,MATCHED,True,True,,2.15,3.4,3.3,2526-SP1.csv,80
understat:29232,La_liga,2025/26,2025-10-05,Celta Vigo,Atletico Madrid,MATCHED,True,True,,4.75,3.6,1.8,2526-SP1.csv,81
understat:29246,La_liga,2025/26,2025-10-17,Real Oviedo,Espanyol,MATCHED,True,True,,2.8,3.1,2.63,2526-SP1.csv,82
understat:29247,La_liga,2025/26,2025-10-18,Sevilla,Mallorca,MATCHED,True,True,,1.85,3.4,4.5,2526-SP1.csv,83
understat:29240,La_liga,2025/26,2025-10-18,Barcelona,Girona,MATCHED,True,True,,1.2,7.0,13.0,2526-SP1.csv,84
understat:29245,La_liga,2025/26,2025-10-18,Villarreal,Real Betis,MATCHED,True,True,,2.1,3.6,3.3,2526-SP1.csv,85
understat:29239,La_liga,2025/26,2025-10-18,Atletico Madrid,Osasuna,MATCHED,True,True,,1.33,5.0,9.5,2526-SP1.csv,86
understat:29244,La_liga,2025/26,2025-10-19,Elche,Athletic Club,MATCHED,True,True,,4.0,3.3,2.0,2526-SP1.csv,87
understat:29241,La_liga,2025/26,2025-10-19,Celta Vigo,Real Sociedad,MATCHED,True,True,,1.95,3.5,3.9,2526-SP1.csv,88
understat:29243,La_liga,2025/26,2025-10-19,Levante,Rayo Vallecano,MATCHED,True,True,,2.7,3.2,2.7,2526-SP1.csv,89
understat:29242,La_liga,2025/26,2025-10-19,Getafe,Real Madrid,MATCHED,True,True,,7.0,4.5,1.45,2526-SP1.csv,90
understat:29238,La_liga,2025/26,2025-10-20,Alaves,Valencia,MATCHED,True,True,,2.15,3.1,3.7,2526-SP1.csv,91
understat:29250,La_liga,2025/26,2025-10-24,Real Sociedad,Sevilla,MATCHED,True,True,,1.91,3.5,3.9,2526-SP1.csv,92
understat:29249,La_liga,2025/26,2025-10-25,Girona,Real Oviedo,MATCHED,True,True,,1.73,3.6,5.25,2526-SP1.csv,93
understat:29256,La_liga,2025/26,2025-10-25,Espanyol,Elche,MATCHED,True,True,,2.0,3.3,4.0,2526-SP1.csv,94
understat:29248,La_liga,2025/26,2025-10-25,Athletic Club,Getafe,MATCHED,True,True,,1.65,3.5,6.0,2526-SP1.csv,95
understat:29251,La_liga,2025/26,2025-10-25,Valencia,Villarreal,MATCHED,True,True,,3.6,3.6,2.05,2526-SP1.csv,96
understat:29257,La_liga,2025/26,2025-10-26,Mallorca,Levante,MATCHED,True,True,,1.95,3.4,3.9,2526-SP1.csv,97
understat:29254,La_liga,2025/26,2025-10-26,Real Madrid,Barcelona,MATCHED,True,True,,1.83,4.33,3.6,2526-SP1.csv,98
understat:29255,La_liga,2025/26,2025-10-26,Osasuna,Celta Vigo,MATCHED,True,True,,2.35,3.2,3.2,2526-SP1.csv,99
understat:29252,La_liga,2025/26,2025-10-26,Rayo Vallecano,Alaves,MATCHED,True,True,,2.25,3.0,3.6,2526-SP1.csv,100
understat:29253,La_liga,2025/26,2025-10-27,Real Betis,Atletico Madrid,MATCHED,True,True,,3.25,3.5,2.15,2526-SP1.csv,101
understat:29262,La_liga,2025/26,2025-10-31,Getafe,Girona,MATCHED,True,True,,2.05,3.0,4.0,2526-SP1.csv,102
understat:29267,La_liga,2025/26,2025-11-01,Villarreal,Rayo Vallecano,MATCHED,True,True,,1.75,3.8,4.5,2526-SP1.csv,103
understat:29259,La_liga,2025/26,2025-11-01,Atletico Madrid,Sevilla,MATCHED,True,True,,1.38,4.75,8.0,2526-SP1.csv,104
understat:29264,La_liga,2025/26,2025-11-01,Real Sociedad,Athletic Club,MATCHED,True,True,,2.7,2.9,2.88,2526-SP1.csv,105
understat:29263,La_liga,2025/26,2025-11-01,Real Madrid,Valencia,MATCHED,True,True,,1.14,8.0,17.0,2526-SP1.csv,106
understat:29265,La_liga,2025/26,2025-11-02,Levante,Celta Vigo,MATCHED,True,True,,3.1,3.4,2.35,2526-SP1.csv,107
understat:29258,La_liga,2025/26,2025-11-02,Alaves,Espanyol,MATCHED,True,True,,2.4,3.1,3.2,2526-SP1.csv,108
understat:29260,La_liga,2025/26,2025-11-02,Barcelona,Elche,MATCHED,True,True,,1.18,7.5,13.0,2526-SP1.csv,109
understat:29261,La_liga,2025/26,2025-11-02,Real Betis,Mallorca,MATCHED,True,True,,1.55,4.2,5.5,2526-SP1.csv,110
understat:29266,La_liga,2025/26,2025-11-03,Real Oviedo,Osasuna,MATCHED,True,True,,3.2,3.1,2.4,2526-SP1.csv,111
understat:29270,La_liga,2025/26,2025-11-07,Elche,Real Sociedad,MATCHED,True,True,,3.1,3.1,2.45,2526-SP1.csv,112
understat:29273,La_liga,2025/26,2025-11-08,Girona,Alaves,MATCHED,True,True,,2.1,3.3,3.6,2526-SP1.csv,113
understat:29277,La_liga,2025/26,2025-11-08,Sevilla,Osasuna,MATCHED,True,True,,2.35,3.2,3.25,2526-SP1.csv,114
understat:29269,La_liga,2025/26,2025-11-08,Atletico Madrid,Levante,MATCHED,True,True,,1.22,7.0,11.0,2526-SP1.csv,115
understat:29271,La_liga,2025/26,2025-11-08,Espanyol,Villarreal,MATCHED,True,True,,2.8,3.4,2.5,2526-SP1.csv,116
understat:29268,La_liga,2025/26,2025-11-09,Athletic Club,Real Oviedo,MATCHED,True,True,,1.6,3.5,7.0,2526-SP1.csv,117
understat:29272,La_liga,2025/26,2025-11-09,Rayo Vallecano,Real Madrid,MATCHED,True,True,,5.25,4.75,1.53,2526-SP1.csv,118
understat:29275,La_liga,2025/26,2025-11-09,Valencia,Real Betis,MATCHED,True,True,,3.6,3.4,2.1,2526-SP1.csv,120
understat:29276,La_liga,2025/26,2025-11-09,Mallorca,Getafe,MATCHED,True,True,,2.5,2.9,3.2,2526-SP1.csv,119
understat:29274,La_liga,2025/26,2025-11-09,Celta Vigo,Barcelona,MATCHED,True,True,,4.1,4.33,1.73,2526-SP1.csv,121
understat:29286,La_liga,2025/26,2025-11-21,Valencia,Levante,MATCHED,True,True,,2.05,3.5,3.5,2526-SP1.csv,122
understat:29278,La_liga,2025/26,2025-11-22,Alaves,Celta Vigo,MATCHED,True,True,,2.7,3.0,2.88,2526-SP1.csv,123
understat:29284,La_liga,2025/26,2025-11-22,Barcelona,Athletic Club,MATCHED,True,True,,1.45,5.0,6.25,2526-SP1.csv,124
understat:29282,La_liga,2025/26,2025-11-22,Osasuna,Real Sociedad,MATCHED,True,True,,2.7,2.9,2.9,2526-SP1.csv,125
understat:29287,La_liga,2025/26,2025-11-22,Villarreal,Mallorca,MATCHED,True,True,,1.38,5.0,7.5,2526-SP1.csv,126
understat:29283,La_liga,2025/26,2025-11-23,Real Oviedo,Rayo Vallecano,MATCHED,True,True,,3.5,3.2,2.2,2526-SP1.csv,127
understat:29279,La_liga,2025/26,2025-11-23,Real Betis,Girona,MATCHED,True,True,,1.48,4.5,5.75,2526-SP1.csv,128
understat:29285,La_liga,2025/26,2025-11-23,Getafe,Atletico Madrid,MATCHED,True,True,,4.75,3.4,1.83,2526-SP1.csv,129
understat:29280,La_liga,2025/26,2025-11-23,Elche,Real Madrid,MATCHED,True,True,,6.5,5.25,1.4,2526-SP1.csv,130
understat:29281,La_liga,2025/26,2025-11-24,Espanyol,Sevilla,MATCHED,True,True,,1.8,3.7,4.33,2526-SP1.csv,131
understat:29297,La_liga,2025/26,2025-11-28,Getafe,Elche,MATCHED,True,True,,2.25,2.9,3.8,2526-SP1.csv,132
understat:29291,La_liga,2025/26,2025-11-29,Mallorca,Osasuna,MATCHED,True,True,,2.4,3.1,3.2,2526-SP1.csv,133
understat:29294,La_liga,2025/26,2025-11-29,Barcelona,Alaves,MATCHED,True,True,,1.25,6.5,10.0,2526-SP1.csv,134
understat:29295,La_liga,2025/26,2025-11-29,Levante,Athletic Club,MATCHED,True,True,,3.9,3.5,2.0,2526-SP1.csv,135
understat:29288,La_liga,2025/26,2025-11-29,Atletico Madrid,Real Oviedo,MATCHED,True,True,,1.25,6.0,12.0,2526-SP1.csv,136
understat:29293,La_liga,2025/26,2025-11-30,Real Sociedad,Villarreal,MATCHED,True,True,,2.8,3.4,2.45,2526-SP1.csv,137
understat:29296,La_liga,2025/26,2025-11-30,Sevilla,Real Betis,MATCHED,True,True,,2.63,3.25,2.7,2526-SP1.csv,138
understat:29289,La_liga,2025/26,2025-11-30,Celta Vigo,Espanyol,MATCHED,True,True,,1.85,3.5,4.33,2526-SP1.csv,139
understat:29290,La_liga,2025/26,2025-11-30,Girona,Real Madrid,MATCHED,True,True,,7.0,5.5,1.38,2526-SP1.csv,140
understat:29292,La_liga,2025/26,2025-12-01,Rayo Vallecano,Valencia,MATCHED,True,True,,2.0,3.3,3.9,2526-SP1.csv,141
understat:29342,La_liga,2025/26,2025-12-02,Barcelona,Atletico Madrid,MATCHED,True,True,,1.67,4.33,4.33,2526-SP1.csv,142
understat:29338,La_liga,2025/26,2025-12-03,Athletic Club,Real Madrid,MATCHED,True,True,,4.0,3.75,1.85,2526-SP1.csv,143
understat:29306,La_liga,2025/26,2025-12-05,Real Oviedo,Mallorca,MATCHED,True,True,,2.55,2.9,3.0,2526-SP1.csv,144
understat:29304,La_liga,2025/26,2025-12-06,Villarreal,Getafe,MATCHED,True,True,,1.62,3.75,5.75,2526-SP1.csv,145
understat:29298,La_liga,2025/26,2025-12-06,Alaves,Real Sociedad,MATCHED,True,True,,2.75,2.88,2.9,2526-SP1.csv,146
understat:29302,La_liga,2025/26,2025-12-06,Real Betis,Barcelona,MATCHED,True,True,,3.75,4.0,1.85,2526-SP1.csv,147
understat:29299,La_liga,2025/26,2025-12-06,Athletic Club,Atletico Madrid,MATCHED,True,True,,2.8,3.2,2.55,2526-SP1.csv,148
understat:29300,La_liga,2025/26,2025-12-07,Elche,Girona,MATCHED,True,True,,2.05,3.25,3.9,2526-SP1.csv,149
understat:29307,La_liga,2025/26,2025-12-07,Valencia,Sevilla,MATCHED,True,True,,1.95,3.4,3.9,2526-SP1.csv,150
understat:29301,La_liga,2025/26,2025-12-07,Espanyol,Rayo Vallecano,MATCHED,True,True,,2.45,3.2,3.0,2526-SP1.csv,151
understat:29303,La_liga,2025/26,2025-12-07,Real Madrid,Celta Vigo,MATCHED,True,True,,1.25,6.5,9.5,2526-SP1.csv,152
understat:29305,La_liga,2025/26,2025-12-08,Osasuna,Levante,MATCHED,True,True,,1.67,3.9,5.0,2526-SP1.csv,153
understat:29316,La_liga,2025/26,2025-12-12,Real Sociedad,Girona,MATCHED,True,True,,1.8,3.7,4.33,2526-SP1.csv,154
understat:29309,La_liga,2025/26,2025-12-13,Atletico Madrid,Valencia,MATCHED,True,True,,1.3,5.5,10.0,2526-SP1.csv,155
understat:29314,La_liga,2025/26,2025-12-13,Mallorca,Elche,MATCHED,True,True,,2.5,2.9,3.2,2526-SP1.csv,156
understat:29310,La_liga,2025/26,2025-12-13,Barcelona,Osasuna,MATCHED,True,True,,1.2,7.0,13.0,2526-SP1.csv,157
understat:29315,La_liga,2025/26,2025-12-13,Getafe,Espanyol,MATCHED,True,True,,2.6,2.88,3.2,2526-SP1.csv,158
understat:29317,La_liga,2025/26,2025-12-14,Sevilla,Real Oviedo,MATCHED,True,True,,2.1,3.2,3.75,2526-SP1.csv,159
understat:29312,La_liga,2025/26,2025-12-14,Celta Vigo,Athletic Club,MATCHED,True,True,,2.88,3.2,2.55,2526-SP1.csv,160
understat:29308,La_liga,2025/26,2025-12-14,Alaves,Real Madrid,MATCHED,True,True,,5.75,4.0,1.57,2526-SP1.csv,161
understat:29313,La_liga,2025/26,2025-12-15,Rayo Vallecano,Real Betis,MATCHED,True,True,,2.55,3.2,2.9,2526-SP1.csv,162
understat:29327,La_liga,2025/26,2025-12-19,Valencia,Mallorca,MATCHED,True,True,,2.05,3.2,3.8,2526-SP1.csv,163
understat:29326,La_liga,2025/26,2025-12-20,Real Oviedo,Celta Vigo,MATCHED,True,True,,3.4,3.2,2.2,2526-SP1.csv,164
understat:29321,La_liga,2025/26,2025-12-20,Levante,Real Sociedad,MATCHED,True,True,,3.0,3.3,2.38,2526-SP1.csv,165
understat:29323,La_liga,2025/26,2025-12-20,Osasuna,Alaves,MATCHED,True,True,,2.2,2.88,4.0,2526-SP1.csv,166
understat:29322,La_liga,2025/26,2025-12-20,Real Madrid,Sevilla,MATCHED,True,True,,1.2,7.5,13.0,2526-SP1.csv,167
understat:29324,La_liga,2025/26,2025-12-21,Girona,Atletico Madrid,MATCHED,True,True,,5.0,3.8,1.7,2526-SP1.csv,168
understat:29325,La_liga,2025/26,2025-12-21,Villarreal,Barcelona,MATCHED,True,True,,3.8,4.33,1.73,2526-SP1.csv,169
understat:29320,La_liga,2025/26,2025-12-21,Elche,Rayo Vallecano,MATCHED,True,True,,2.5,2.9,3.2,2526-SP1.csv,170
understat:29319,La_liga,2025/26,2025-12-21,Real Betis,Getafe,MATCHED,True,True,,1.73,3.3,5.5,2526-SP1.csv,171
understat:29318,La_liga,2025/26,2025-12-22,Athletic Club,Espanyol,MATCHED,True,True,,1.85,3.3,4.75,2526-SP1.csv,172
understat:29335,La_liga,2025/26,2026-01-02,Rayo Vallecano,Getafe,MATCHED,True,True,,2.05,2.88,4.5,2526-SP1.csv,173
understat:29329,La_liga,2025/26,2026-01-03,Celta Vigo,Valencia,MATCHED,True,True,,2.0,3.25,3.9,2526-SP1.csv,174
understat:29331,La_liga,2025/26,2026-01-03,Osasuna,Athletic Club,MATCHED,True,True,,3.1,2.88,2.6,2526-SP1.csv,175
understat:29330,La_liga,2025/26,2026-01-03,Elche,Villarreal,MATCHED,True,True,,3.1,3.4,2.25,2526-SP1.csv,176
understat:29333,La_liga,2025/26,2026-01-03,Espanyol,Barcelona,MATCHED,True,True,,5.75,4.5,1.5,2526-SP1.csv,177
understat:29337,La_liga,2025/26,2026-01-04,Sevilla,Levante,MATCHED,True,True,,1.73,3.8,4.5,2526-SP1.csv,178
understat:29334,La_liga,2025/26,2026-01-04,Real Madrid,Real Betis,MATCHED,True,True,,1.5,4.6,6.0,2526-SP1.csv,179
understat:29328,La_liga,2025/26,2026-01-04,Alaves,Real Oviedo,MATCHED,True,True,,2.0,2.8,5.25,2526-SP1.csv,180
understat:29336,La_liga,2025/26,2026-01-04,Mallorca,Girona,MATCHED,True,True,,2.3,3.1,3.4,2526-SP1.csv,181
understat:29332,La_liga,2025/26,2026-01-04,Real Sociedad,Atletico Madrid,MATCHED,True,True,,3.6,3.8,1.91,2526-SP1.csv,182
understat:29339,La_liga,2025/26,2026-01-09,Getafe,Real Sociedad,MATCHED,True,True,,3.5,3.0,2.3,2526-SP1.csv,183
understat:29343,La_liga,2025/26,2026-01-10,Real Oviedo,Real Betis,MATCHED,True,True,,3.8,3.4,1.95,2526-SP1.csv,184
understat:29341,La_liga,2025/26,2026-01-10,Villarreal,Alaves,MATCHED,True,True,,1.45,4.5,7.0,2526-SP1.csv,185
understat:29340,La_liga,2025/26,2026-01-10,Girona,Osasuna,MATCHED,True,True,,2.5,3.2,2.9,2526-SP1.csv,186
understat:29345,La_liga,2025/26,2026-01-10,Valencia,Elche,MATCHED,True,True,,2.0,3.2,4.1,2526-SP1.csv,187
understat:29347,La_liga,2025/26,2026-01-11,Rayo Vallecano,Mallorca,MATCHED,True,True,,1.9,3.2,4.75,2526-SP1.csv,188
understat:29346,La_liga,2025/26,2026-01-11,Levante,Espanyol,MATCHED,True,True,,3.2,3.3,2.25,2526-SP1.csv,189
understat:29344,La_liga,2025/26,2026-01-12,Sevilla,Celta Vigo,MATCHED,True,True,,2.7,3.1,2.8,2526-SP1.csv,190
understat:29355,La_liga,2025/26,2026-01-16,Espanyol,Girona,MATCHED,True,True,,1.9,3.4,4.33,2526-SP1.csv,191
understat:29351,La_liga,2025/26,2026-01-17,Real Madrid,Levante,MATCHED,True,True,,1.13,9.0,15.0,2526-SP1.csv,192
understat:29349,La_liga,2025/26,2026-01-17,Mallorca,Athletic Club,MATCHED,True,True,,3.8,3.0,2.15,2526-SP1.csv,193
understat:29357,La_liga,2025/26,2026-01-17,Osasuna,Real Oviedo,MATCHED,True,True,,1.75,3.4,5.0,2526-SP1.csv,194
understat:29352,La_liga,2025/26,2026-01-17,Real Betis,Villarreal,MATCHED,True,True,,2.55,3.5,2.7,2526-SP1.csv,195
understat:29356,La_liga,2025/26,2026-01-18,Getafe,Valencia,MATCHED,True,True,,2.45,2.75,3.6,2526-SP1.csv,196
understat:29348,La_liga,2025/26,2026-01-18,Atletico Madrid,Alaves,MATCHED,True,True,,1.38,4.75,8.5,2526-SP1.csv,197
understat:29353,La_liga,2025/26,2026-01-18,Celta Vigo,Rayo Vallecano,MATCHED,True,True,,1.9,3.3,4.75,2526-SP1.csv,198
understat:29350,La_liga,2025/26,2026-01-18,Real Sociedad,Barcelona,MATCHED,True,True,,4.5,4.33,1.65,2526-SP1.csv,199
understat:29354,La_liga,2025/26,2026-01-19,Elche,Sevilla,MATCHED,True,True,,2.38,3.1,3.25,2526-SP1.csv,200
understat:29363,La_liga,2025/26,2026-01-23,Levante,Elche,MATCHED,True,True,,2.2,3.3,3.25,2526-SP1.csv,201
understat:29366,La_liga,2025/26,2026-01-24,Rayo Vallecano,Osasuna,MATCHED,True,True,,2.2,3.1,3.5,2526-SP1.csv,202
understat:29364,La_liga,2025/26,2026-01-24,Valencia,Espanyol,MATCHED,True,True,,2.4,3.2,3.1,2526-SP1.csv,203
understat:29358,La_liga,2025/26,2026-01-24,Sevilla,Athletic Club,MATCHED,True,True,,2.6,2.9,3.0,2526-SP1.csv,204
understat:29367,La_liga,2025/26,2026-01-24,Villarreal,Real Madrid,MATCHED,True,True,,3.75,4.0,1.85,2526-SP1.csv,205
understat:29360,La_liga,2025/26,2026-01-25,Atletico Madrid,Mallorca,MATCHED,True,True,,1.3,5.25,9.5,2526-SP1.csv,206
understat:29361,La_liga,2025/26,2026-01-25,Barcelona,Real Oviedo,MATCHED,True,True,,1.11,10.0,19.0,2526-SP1.csv,207
understat:29362,La_liga,2025/26,2026-01-25,Real Sociedad,Celta Vigo,MATCHED,True,True,,2.15,3.3,3.5,2526-SP1.csv,208
understat:29359,La_liga,2025/26,2026-01-25,Alaves,Real Betis,MATCHED,True,True,,2.63,3.0,2.9,2526-SP1.csv,209
understat:29365,La_liga,2025/26,2026-01-26,Girona,Getafe,MATCHED,True,True,,2.15,3.0,3.8,2526-SP1.csv,210
understat:29371,La_liga,2025/26,2026-01-30,Espanyol,Alaves,MATCHED,True,True,,1.91,3.0,4.5,2526-SP1.csv,211
understat:29375,La_liga,2025/26,2026-01-31,Real Oviedo,Girona,MATCHED,True,True,,2.75,3.0,2.75,2526-SP1.csv,212
understat:29370,La_liga,2025/26,2026-01-31,Osasuna,Villarreal,MATCHED,True,True,,2.7,3.3,2.63,2526-SP1.csv,213
understat:29372,La_liga,2025/26,2026-01-31,Levante,Atletico Madrid,MATCHED,True,True,,5.0,3.8,1.73,2526-SP1.csv,214
understat:29373,La_liga,2025/26,2026-01-31,Elche,Barcelona,MATCHED,True,True,,8.0,6.25,1.3,2526-SP1.csv,215
understat:29377,La_liga,2025/26,2026-02-01,Real Madrid,Rayo Vallecano,MATCHED,True,True,,1.22,7.0,11.0,2526-SP1.csv,216
understat:29368,La_liga,2025/26,2026-02-01,Real Betis,Valencia,MATCHED,True,True,,1.8,3.4,5.0,2526-SP1.csv,217
understat:29374,La_liga,2025/26,2026-02-01,Getafe,Celta Vigo,MATCHED,True,True,,2.88,2.9,2.88,2526-SP1.csv,218
understat:29376,La_liga,2025/26,2026-02-01,Athletic Club,Real Sociedad,MATCHED,True,True,,2.25,3.1,3.5,2526-SP1.csv,219
understat:29369,La_liga,2025/26,2026-02-02,Mallorca,Sevilla,MATCHED,True,True,,2.7,3.0,2.88,2526-SP1.csv,220
understat:29382,La_liga,2025/26,2026-02-06,Celta Vigo,Osasuna,MATCHED,True,True,,2.1,3.3,3.7,2526-SP1.csv,221
understat:29381,La_liga,2025/26,2026-02-07,Barcelona,Mallorca,MATCHED,True,True,,1.14,8.5,13.0,2526-SP1.csv,222
understat:29383,La_liga,2025/26,2026-02-07,Real Sociedad,Elche,MATCHED,True,True,,1.65,4.1,5.0,2526-SP1.csv,223
understat:29378,La_liga,2025/26,2026-02-08,Alaves,Getafe,MATCHED,True,True,,2.45,2.63,3.8,2526-SP1.csv,224
understat:29379,La_liga,2025/26,2026-02-08,Athletic Club,Levante,MATCHED,True,True,,1.6,4.0,5.75,2526-SP1.csv,225
understat:29386,La_liga,2025/26,2026-02-08,Sevilla,Girona,MATCHED,True,False,EXISTING_MODEL_REVIEW_EXCLUSION,2.0,3.4,3.75,2526-SP1.csv,226
understat:29380,La_liga,2025/26,2026-02-08,Atletico Madrid,Real Betis,MATCHED,True,True,,1.48,4.75,5.75,2526-SP1.csv,227
understat:29387,La_liga,2025/26,2026-02-08,Valencia,Real Madrid,MATCHED,True,True,,4.75,4.2,1.65,2526-SP1.csv,228
understat:29384,La_liga,2025/26,2026-02-09,Villarreal,Espanyol,MATCHED,True,True,,1.73,4.0,4.5,2526-SP1.csv,229
understat:29388,La_liga,2025/26,2026-02-13,Elche,Osasuna,MATCHED,True,True,,2.9,3.2,2.6,2526-SP1.csv,230
understat:29397,La_liga,2025/26,2026-02-14,Espanyol,Celta Vigo,MATCHED,True,True,,2.63,3.1,2.8,2526-SP1.csv,231
understat:29389,La_liga,2025/26,2026-02-14,Getafe,Villarreal,MATCHED,True,True,,3.1,2.8,2.63,2526-SP1.csv,232
understat:29392,La_liga,2025/26,2026-02-14,Sevilla,Alaves,MATCHED,True,True,,2.15,2.9,4.1,2526-SP1.csv,233
understat:29391,La_liga,2025/26,2026-02-14,Real Madrid,Real Sociedad,MATCHED,True,True,,1.4,4.75,7.0,2526-SP1.csv,234
understat:29393,La_liga,2025/26,2026-02-15,Real Oviedo,Athletic Club,MATCHED,True,True,,3.3,2.9,2.45,2526-SP1.csv,235
understat:29394,La_liga,2025/26,2026-02-15,Rayo Vallecano,Atletico Madrid,MATCHED,True,True,,4.5,3.6,1.8,2526-SP1.csv,236
understat:29390,La_liga,2025/26,2026-02-15,Levante,Valencia,MATCHED,True,True,,2.7,3.2,2.7,2526-SP1.csv,237
understat:29396,La_liga,2025/26,2026-02-15,Mallorca,Real Betis,MATCHED,True,True,,2.88,3.2,2.55,2526-SP1.csv,238
understat:29395,La_liga,2025/26,2026-02-16,Girona,Barcelona,MATCHED,True,True,,7.5,5.75,1.33,2526-SP1.csv,239
understat:29311,La_liga,2025/26,2026-02-18,Levante,Villarreal,MATCHED,True,True,,3.9,3.8,1.9,2526-SP1.csv,240
understat:29399,La_liga,2025/26,2026-02-20,Athletic Club,Elche,MATCHED,True,True,,1.7,3.8,5.0,2526-SP1.csv,241
understat:29407,La_liga,2025/26,2026-02-21,Real Sociedad,Real Oviedo,MATCHED,True,True,,1.57,3.75,6.0,2526-SP1.csv,242
understat:29402,La_liga,2025/26,2026-02-21,Real Betis,Rayo Vallecano,MATCHED,True,True,,1.91,3.3,4.33,2526-SP1.csv,243
understat:29405,La_liga,2025/26,2026-02-21,Osasuna,Real Madrid,MATCHED,True,True,,4.5,4.0,1.7,2526-SP1.csv,244
understat:29400,La_liga,2025/26,2026-02-21,Atletico Madrid,Espanyol,MATCHED,True,True,,1.4,4.75,8.0,2526-SP1.csv,245
understat:29404,La_liga,2025/26,2026-02-22,Getafe,Sevilla,MATCHED,True,True,,2.35,2.8,3.7,2526-SP1.csv,246
understat:29401,La_liga,2025/26,2026-02-22,Barcelona,Levante,MATCHED,True,True,,1.1,12.0,17.0,2526-SP1.csv,247
understat:29403,La_liga,2025/26,2026-02-22,Celta Vigo,Mallorca,MATCHED,True,True,,1.75,3.5,5.0,2526-SP1.csv,248
understat:29406,La_liga,2025/26,2026-02-22,Villarreal,Valencia,MATCHED,True,True,,1.67,4.0,4.75,2526-SP1.csv,249
understat:29398,La_liga,2025/26,2026-02-23,Alaves,Girona,MATCHED,True,True,,2.38,3.1,3.25,2526-SP1.csv,250
understat:29412,La_liga,2025/26,2026-02-27,Levante,Alaves,MATCHED,True,True,,2.75,3.1,2.75,2526-SP1.csv,251
understat:29413,La_liga,2025/26,2026-02-28,Rayo Vallecano,Athletic Club,MATCHED,True,True,,2.4,3.1,3.2,2526-SP1.csv,252
understat:29408,La_liga,2025/26,2026-02-28,Barcelona,Villarreal,MATCHED,True,True,,1.36,5.75,7.0,2526-SP1.csv,253
understat:29411,La_liga,2025/26,2026-02-28,Mallorca,Real Sociedad,MATCHED,True,True,,3.0,3.3,2.38,2526-SP1.csv,254
understat:29414,La_liga,2025/26,2026-02-28,Real Oviedo,Atletico Madrid,MATCHED,True,True,,4.75,3.5,1.8,2526-SP1.csv,255
understat:29410,La_liga,2025/26,2026-03-01,Elche,Espanyol,MATCHED,True,True,,2.4,3.3,3.0,2526-SP1.csv,256
understat:29417,La_liga,2025/26,2026-03-01,Valencia,Osasuna,MATCHED,True,True,,2.4,3.1,3.1,2526-SP1.csv,257
understat:29409,La_liga,2025/26,2026-03-01,Real Betis,Sevilla,MATCHED,True,True,,1.75,3.8,4.5,2526-SP1.csv,258
understat:29415,La_liga,2025/26,2026-03-01,Girona,Celta Vigo,MATCHED,True,True,,2.5,3.2,2.9,2526-SP1.csv,259
understat:29416,La_liga,2025/26,2026-03-02,Real Madrid,Getafe,MATCHED,True,True,,1.38,4.5,9.0,2526-SP1.csv,260
understat:29385,La_liga,2025/26,2026-03-04,Rayo Vallecano,Real Oviedo,MATCHED,True,True,,1.7,3.6,5.25,2526-SP1.csv,261
understat:29420,La_liga,2025/26,2026-03-06,Celta Vigo,Real Madrid,MATCHED,True,True,,2.8,3.4,2.45,2526-SP1.csv,262
understat:29426,La_liga,2025/26,2026-03-07,Osasuna,Mallorca,MATCHED,True,True,,1.9,3.4,4.2,2526-SP1.csv,263
understat:29425,La_liga,2025/26,2026-03-07,Levante,Girona,MATCHED,True,True,,2.75,3.25,2.55,2526-SP1.csv,264
understat:29419,La_liga,2025/26,2026-03-07,Atletico Madrid,Real Sociedad,MATCHED,True,True,,1.62,4.0,5.25,2526-SP1.csv,265
understat:29418,La_liga,2025/26,2026-03-07,Athletic Club,Barcelona,MATCHED,True,True,,4.5,4.33,1.65,2526-SP1.csv,266
understat:29424,La_liga,2025/26,2026-03-08,Villarreal,Elche,MATCHED,True,True,,1.45,4.5,6.5,2526-SP1.csv,267
understat:29423,La_liga,2025/26,2026-03-08,Getafe,Real Betis,MATCHED,True,True,,2.75,2.7,3.1,2526-SP1.csv,268
understat:29427,La_liga,2025/26,2026-03-08,Sevilla,Rayo Vallecano,MATCHED,True,True,,2.5,3.1,3.1,2526-SP1.csv,269
understat:29422,La_liga,2025/26,2026-03-08,Valencia,Alaves,MATCHED,True,True,,2.05,3.0,4.1,2526-SP1.csv,270
understat:29421,La_liga,2025/26,2026-03-09,Espanyol,Real Oviedo,MATCHED,True,True,,1.95,3.3,4.1,2526-SP1.csv,271
understat:29428,La_liga,2025/26,2026-03-13,Alaves,Villarreal,MATCHED,True,True,,3.5,3.3,2.1,2526-SP1.csv,272
understat:29433,La_liga,2025/26,2026-03-14,Girona,Athletic Club,MATCHED,True,True,,2.9,3.3,2.4,2526-SP1.csv,273
understat:29429,La_liga,2025/26,2026-03-14,Atletico Madrid,Getafe,MATCHED,True,True,,1.67,3.5,6.0,2526-SP1.csv,274
understat:29432,La_liga,2025/26,2026-03-14,Real Oviedo,Valencia,MATCHED,True,True,,2.9,3.1,2.6,2526-SP1.csv,275
understat:29434,La_liga,2025/26,2026-03-14,Real Madrid,Elche,MATCHED,True,True,,1.3,5.75,9.0,2526-SP1.csv,276
understat:29435,La_liga,2025/26,2026-03-15,Mallorca,Espanyol,MATCHED,True,True,,2.5,3.2,3.0,2526-SP1.csv,277
understat:29430,La_liga,2025/26,2026-03-15,Barcelona,Sevilla,MATCHED,True,True,,1.29,5.75,10.0,2526-SP1.csv,278
understat:29431,La_liga,2025/26,2026-03-15,Real Betis,Celta Vigo,MATCHED,True,True,,2.05,3.3,3.9,2526-SP1.csv,279
understat:29437,La_liga,2025/26,2026-03-15,Real Sociedad,Osasuna,MATCHED,True,True,,1.91,3.6,3.9,2526-SP1.csv,280
understat:29436,La_liga,2025/26,2026-03-16,Rayo Vallecano,Levante,MATCHED,True,True,,1.85,3.5,4.33,2526-SP1.csv,281
understat:29438,La_liga,2025/26,2026-03-20,Villarreal,Real Sociedad,MATCHED,True,True,,1.95,3.6,3.8,2526-SP1.csv,282
understat:29440,La_liga,2025/26,2026-03-21,Elche,Mallorca,MATCHED,True,True,,2.05,3.4,3.7,2526-SP1.csv,283
understat:29442,La_liga,2025/26,2026-03-21,Espanyol,Getafe,MATCHED,True,True,,2.55,2.88,3.2,2526-SP1.csv,284
understat:29443,La_liga,2025/26,2026-03-21,Levante,Real Oviedo,MATCHED,True,True,,2.35,3.2,3.2,2526-SP1.csv,285
understat:29447,La_liga,2025/26,2026-03-21,Osasuna,Girona,MATCHED,True,True,,2.0,3.5,3.7,2526-SP1.csv,286
understat:29444,La_liga,2025/26,2026-03-21,Sevilla,Valencia,MATCHED,True,True,,2.15,3.2,3.6,2526-SP1.csv,287
understat:29441,La_liga,2025/26,2026-03-22,Barcelona,Rayo Vallecano,MATCHED,True,True,,1.2,7.5,10.0,2526-SP1.csv,288
understat:29445,La_liga,2025/26,2026-03-22,Celta Vigo,Alaves,MATCHED,True,True,,1.95,3.3,4.33,2526-SP1.csv,289
understat:29439,La_liga,2025/26,2026-03-22,Athletic Club,Real Betis,MATCHED,True,True,,2.0,3.6,3.7,2526-SP1.csv,290
understat:29446,La_liga,2025/26,2026-03-22,Real Madrid,Atletico Madrid,MATCHED,True,True,,2.05,3.8,3.3,2526-SP1.csv,291
understat:29456,La_liga,2025/26,2026-04-03,Rayo Vallecano,Elche,MATCHED,True,True,,1.73,3.8,4.75,2526-SP1.csv,292
understat:29457,La_liga,2025/26,2026-04-04,Real Sociedad,Levante,MATCHED,True,True,,1.57,4.33,5.0,2526-SP1.csv,293
understat:29452,La_liga,2025/26,2026-04-04,Mallorca,Real Madrid,MATCHED,True,True,,5.5,4.33,1.57,2526-SP1.csv,294
understat:29450,La_liga,2025/26,2026-04-04,Real Betis,Espanyol,MATCHED,True,True,,1.83,3.8,4.1,2526-SP1.csv,295
understat:29449,La_liga,2025/26,2026-04-04,Atletico Madrid,Barcelona,MATCHED,True,True,,3.25,4.2,1.95,2526-SP1.csv,296
understat:29455,La_liga,2025/26,2026-04-05,Getafe,Athletic Club,MATCHED,True,True,,3.3,2.88,2.45,2526-SP1.csv,297
understat:29454,La_liga,2025/26,2026-04-05,Valencia,Celta Vigo,MATCHED,True,True,,2.4,3.25,3.1,2526-SP1.csv,298
understat:29453,La_liga,2025/26,2026-04-05,Real Oviedo,Sevilla,MATCHED,True,True,,2.8,3.0,2.7,2526-SP1.csv,299
understat:29448,La_liga,2025/26,2026-04-05,Alaves,Osasuna,MATCHED,True,True,,2.75,3.2,2.63,2526-SP1.csv,300
understat:29451,La_liga,2025/26,2026-04-06,Girona,Villarreal,MATCHED,True,True,,3.0,3.6,2.35,2526-SP1.csv,301
understat:29462,La_liga,2025/26,2026-04-10,Real Madrid,Girona,MATCHED,True,True,,1.3,6.0,8.5,2526-SP1.csv,302
understat:29464,La_liga,2025/26,2026-04-11,Real Sociedad,Alaves,MATCHED,True,True,,1.8,3.7,4.33,2526-SP1.csv,303
understat:29465,La_liga,2025/26,2026-04-11,Elche,Valencia,MATCHED,True,True,,2.7,3.5,2.55,2526-SP1.csv,304
understat:29459,La_liga,2025/26,2026-04-11,Barcelona,Espanyol,MATCHED,True,True,,1.3,5.75,9.0,2526-SP1.csv,305
understat:29463,La_liga,2025/26,2026-04-11,Sevilla,Atletico Madrid,MATCHED,True,True,,2.15,3.6,3.2,2526-SP1.csv,306
understat:29460,La_liga,2025/26,2026-04-12,Osasuna,Real Betis,MATCHED,True,True,,2.3,3.3,3.1,2526-SP1.csv,307
understat:29466,La_liga,2025/26,2026-04-12,Mallorca,Rayo Vallecano,MATCHED,True,True,,2.45,3.4,2.88,2526-SP1.csv,308
understat:29467,La_liga,2025/26,2026-04-12,Celta Vigo,Real Oviedo,MATCHED,True,True,,1.7,3.3,4.5,2526-SP1.csv,309
understat:29458,La_liga,2025/26,2026-04-12,Athletic Club,Villarreal,MATCHED,True,True,,2.0,3.5,3.7,2526-SP1.csv,310
understat:29461,La_liga,2025/26,2026-04-13,Levante,Getafe,MATCHED,True,True,,2.6,3.0,3.0,2526-SP1.csv,311
understat:29478,La_liga,2025/26,2026-04-21,Athletic Club,Osasuna,MATCHED,True,True,,1.85,3.3,4.2,2526-SP1.csv,312
understat:29481,La_liga,2025/26,2026-04-21,Mallorca,Valencia,MATCHED,True,True,,2.7,3.3,2.7,2526-SP1.csv,313
understat:29483,La_liga,2025/26,2026-04-21,Real Madrid,Alaves,MATCHED,True,True,,1.22,7.5,10.0,2526-SP1.csv,315
understat:29485,La_liga,2025/26,2026-04-21,Girona,Real Betis,MATCHED,True,True,,2.4,3.25,3.0,2526-SP1.csv,314
understat:29484,La_liga,2025/26,2026-04-22,Elche,Atletico Madrid,MATCHED,True,True,,2.45,3.7,2.7,2526-SP1.csv,316
understat:29487,La_liga,2025/26,2026-04-22,Real Sociedad,Getafe,MATCHED,True,True,,2.3,3.0,3.5,2526-SP1.csv,317
understat:29479,La_liga,2025/26,2026-04-22,Barcelona,Celta Vigo,MATCHED,True,True,,1.22,7.0,10.5,2526-SP1.csv,318
understat:29480,La_liga,2025/26,2026-04-23,Levante,Sevilla,MATCHED,True,True,,2.5,3.2,2.9,2526-SP1.csv,319
understat:29486,La_liga,2025/26,2026-04-23,Rayo Vallecano,Espanyol,MATCHED,True,True,,2.1,3.3,3.6,2526-SP1.csv,320
understat:29482,La_liga,2025/26,2026-04-23,Real Oviedo,Villarreal,MATCHED,True,True,,3.25,3.2,2.25,2526-SP1.csv,321
understat:29474,La_liga,2025/26,2026-04-24,Real Betis,Real Madrid,MATCHED,True,True,,3.6,4.1,1.9,2526-SP1.csv,322
understat:29473,La_liga,2025/26,2026-04-25,Alaves,Mallorca,MATCHED,True,True,,2.1,3.3,3.7,2526-SP1.csv,323
understat:29469,La_liga,2025/26,2026-04-25,Getafe,Barcelona,MATCHED,True,True,,6.0,4.0,1.57,2526-SP1.csv,324
understat:29472,La_liga,2025/26,2026-04-25,Valencia,Girona,MATCHED,True,True,,2.25,3.25,3.2,2526-SP1.csv,325
understat:29468,La_liga,2025/26,2026-04-25,Atletico Madrid,Athletic Club,MATCHED,True,True,,2.0,3.7,3.5,2526-SP1.csv,326
understat:29475,La_liga,2025/26,2026-04-26,Rayo Vallecano,Real Sociedad,MATCHED,True,True,,2.7,3.3,2.6,2526-SP1.csv,327
understat:29471,La_liga,2025/26,2026-04-26,Real Oviedo,Elche,MATCHED,True,True,,2.2,3.4,3.2,2526-SP1.csv,328
understat:29476,La_liga,2025/26,2026-04-26,Osasuna,Sevilla,MATCHED,True,True,,1.9,3.4,4.5,2526-SP1.csv,329
understat:29470,La_liga,2025/26,2026-04-26,Villarreal,Celta Vigo,MATCHED,True,True,,1.91,3.6,3.8,2526-SP1.csv,330
understat:29477,La_liga,2025/26,2026-04-27,Espanyol,Levante,MATCHED,True,True,,2.15,3.4,3.4,2526-SP1.csv,331
understat:29497,La_liga,2025/26,2026-05-01,Girona,Mallorca,MATCHED,True,True,,1.91,3.6,4.0,2526-SP1.csv,332
understat:29489,La_liga,2025/26,2026-05-02,Villarreal,Levante,MATCHED,True,True,,1.75,4.1,4.0,2526-SP1.csv,333
understat:29495,La_liga,2025/26,2026-05-02,Valencia,Atletico Madrid,MATCHED,True,True,,1.62,3.75,4.33,2526-SP1.csv,334
understat:29491,La_liga,2025/26,2026-05-02,Alaves,Athletic Club,MATCHED,True,True,,2.7,3.3,2.6,2526-SP1.csv,335
understat:29488,La_liga,2025/26,2026-05-02,Osasuna,Barcelona,MATCHED,True,True,,4.6,4.2,1.67,2526-SP1.csv,336
understat:29493,La_liga,2025/26,2026-05-03,Celta Vigo,Elche,MATCHED,True,True,,1.7,3.9,4.75,2526-SP1.csv,337
understat:29496,La_liga,2025/26,2026-05-03,Getafe,Rayo Vallecano,MATCHED,True,True,,2.1,3.1,4.1,2526-SP1.csv,338
understat:29492,La_liga,2025/26,2026-05-03,Real Betis,Real Oviedo,MATCHED,True,True,,1.57,4.1,5.75,2526-SP1.csv,339
understat:29494,La_liga,2025/26,2026-05-03,Espanyol,Real Madrid,MATCHED,True,True,,4.33,3.9,1.75,2526-SP1.csv,340
understat:29490,La_liga,2025/26,2026-05-04,Sevilla,Real Sociedad,MATCHED,True,True,,2.35,3.25,3.1,2526-SP1.csv,341
understat:29501,La_liga,2025/26,2026-05-08,Levante,Osasuna,MATCHED,True,True,,2.55,3.3,2.7,2526-SP1.csv,342
understat:29503,La_liga,2025/26,2026-05-09,Elche,Alaves,MATCHED,True,True,,2.25,3.1,3.3,2526-SP1.csv,343
understat:29505,La_liga,2025/26,2026-05-09,Sevilla,Espanyol,MATCHED,True,True,,1.95,3.25,4.33,2526-SP1.csv,344
understat:29499,La_liga,2025/26,2026-05-09,Atletico Madrid,Celta Vigo,MATCHED,True,True,,1.8,3.75,4.2,2526-SP1.csv,345
understat:29504,La_liga,2025/26,2026-05-09,Real Sociedad,Real Betis,MATCHED,True,True,,2.6,3.5,2.63,2526-SP1.csv,346
understat:29502,La_liga,2025/26,2026-05-10,Mallorca,Villarreal,MATCHED,True,True,,2.45,3.5,2.75,2526-SP1.csv,347
understat:29498,La_liga,2025/26,2026-05-10,Athletic Club,Valencia,MATCHED,True,True,,1.62,3.75,5.75,2526-SP1.csv,348
understat:29506,La_liga,2025/26,2026-05-10,Real Oviedo,Getafe,MATCHED,True,True,,2.8,2.9,2.8,2526-SP1.csv,349
understat:29500,La_liga,2025/26,2026-05-10,Barcelona,Real Madrid,MATCHED,True,True,,1.65,4.75,4.2,2526-SP1.csv,350
understat:29507,La_liga,2025/26,2026-05-11,Rayo Vallecano,Girona,MATCHED,True,True,,2.25,3.25,3.3,2526-SP1.csv,351
understat:29510,La_liga,2025/26,2026-05-12,Celta Vigo,Levante,MATCHED,True,True,,1.91,3.7,3.8,2526-SP1.csv,352
understat:29509,La_liga,2025/26,2026-05-12,Real Betis,Elche,MATCHED,True,True,,1.62,4.1,4.75,2526-SP1.csv,353
understat:29514,La_liga,2025/26,2026-05-12,Osasuna,Atletico Madrid,MATCHED,True,True,,2.63,3.4,2.63,2526-SP1.csv,354
understat:29513,La_liga,2025/26,2026-05-13,Espanyol,Athletic Club,MATCHED,True,True,,2.75,2.9,2.88,2526-SP1.csv,355
understat:29516,La_liga,2025/26,2026-05-13,Villarreal,Sevilla,MATCHED,True,True,,2.1,3.3,3.6,2526-SP1.csv,356
understat:29508,La_liga,2025/26,2026-05-13,Alaves,Barcelona,MATCHED,True,True,,3.0,3.75,2.2,2526-SP1.csv,357
understat:29511,La_liga,2025/26,2026-05-13,Getafe,Mallorca,MATCHED,True,True,,2.35,2.9,3.6,2526-SP1.csv,358
understat:29515,La_liga,2025/26,2026-05-14,Valencia,Rayo Vallecano,MATCHED,True,True,,2.35,3.1,3.3,2526-SP1.csv,359
understat:29512,La_liga,2025/26,2026-05-14,Girona,Real Sociedad,MATCHED,True,True,,1.91,3.8,3.7,2526-SP1.csv,360
understat:29517,La_liga,2025/26,2026-05-14,Real Madrid,Real Oviedo,MATCHED,True,True,,1.22,6.5,12.0,2526-SP1.csv,361
understat:29518,La_liga,2025/26,2026-05-17,Athletic Club,Celta Vigo,MATCHED,True,True,,2.1,3.2,3.7,2526-SP1.csv,362
understat:29519,La_liga,2025/26,2026-05-17,Barcelona,Real Betis,MATCHED,True,True,,1.33,6.0,7.0,2526-SP1.csv,371
understat:29520,La_liga,2025/26,2026-05-17,Atletico Madrid,Girona,MATCHED,True,True,,1.83,3.8,4.2,2526-SP1.csv,363
understat:29521,La_liga,2025/26,2026-05-17,Real Sociedad,Valencia,MATCHED,True,True,,2.45,3.1,3.1,2526-SP1.csv,369
understat:29522,La_liga,2025/26,2026-05-17,Real Oviedo,Alaves,MATCHED,True,True,,3.5,3.0,2.0,2526-SP1.csv,367
understat:29523,La_liga,2025/26,2026-05-17,Osasuna,Espanyol,MATCHED,True,True,,2.1,2.9,4.0,2526-SP1.csv,366
understat:29524,La_liga,2025/26,2026-05-17,Sevilla,Real Madrid,MATCHED,True,True,,3.5,3.6,1.95,2526-SP1.csv,368
understat:29525,La_liga,2025/26,2026-05-17,Levante,Mallorca,MATCHED,True,True,,2.05,3.4,3.75,2526-SP1.csv,365
understat:29526,La_liga,2025/26,2026-05-17,Rayo Vallecano,Villarreal,MATCHED,True,True,,1.95,3.4,3.7,2526-SP1.csv,370
understat:29527,La_liga,2025/26,2026-05-17,Elche,Getafe,MATCHED,True,True,,2.25,2.88,3.6,2526-SP1.csv,364
understat:29528,La_liga,2025/26,2026-05-23,Alaves,Rayo Vallecano,MATCHED,True,True,,2.1,3.3,3.6,2526-SP1.csv,372
understat:29529,La_liga,2025/26,2026-05-23,Real Betis,Levante,MATCHED,True,True,,2.3,3.5,3.0,2526-SP1.csv,373
understat:29530,La_liga,2025/26,2026-05-23,Celta Vigo,Sevilla,MATCHED,True,True,,1.85,3.5,4.5,2526-SP1.csv,374
understat:29531,La_liga,2025/26,2026-05-23,Espanyol,Real Sociedad,MATCHED,True,True,,2.38,3.6,2.8,2526-SP1.csv,375
understat:29532,La_liga,2025/26,2026-05-23,Real Madrid,Athletic Club,MATCHED,True,True,,1.55,4.5,5.0,2526-SP1.csv,379
understat:29534,La_liga,2025/26,2026-05-23,Valencia,Barcelona,MATCHED,True,True,,3.4,4.1,1.91,2526-SP1.csv,380
understat:29535,La_liga,2025/26,2026-05-23,Girona,Elche,MATCHED,True,True,,1.8,3.8,4.33,2526-SP1.csv,377
understat:29536,La_liga,2025/26,2026-05-23,Getafe,Osasuna,MATCHED,True,True,,3.0,2.63,3.0,2526-SP1.csv,376
understat:29537,La_liga,2025/26,2026-05-23,Mallorca,Real Oviedo,MATCHED,True,True,,1.5,4.33,6.25,2526-SP1.csv,378
understat:29533,La_liga,2025/26,2026-05-24,Villarreal,Atletico Madrid,MATCHED,True,True,,2.5,3.9,2.55,2526-SP1.csv,381
understat:31180,EPL,2026/27,2026-08-21,Arsenal,Coventry,MATCHED,True,True,,1.18,7.5,13.0,2627-E0.csv,2
understat:31181,EPL,2026/27,2026-08-22,Hull,Manchester United,MATCHED,True,True,,9.0,5.0,1.33,2627-E0.csv,3
understat:31182,EPL,2026/27,2026-08-22,Everton,Crystal Palace,MATCHED,True,True,,2.38,3.4,3.0,2627-E0.csv,4
understat:31183,EPL,2026/27,2026-08-22,Ipswich,Sunderland,MATCHED,True,True,,3.0,3.3,2.5,2627-E0.csv,5
understat:31184,EPL,2026/27,2026-08-22,Nottingham Forest,Leeds,MATCHED,True,True,,2.5,3.2,2.9,2627-E0.csv,6
understat:31185,EPL,2026/27,2026-08-22,Brentford,Tottenham,MATCHED,True,True,,1.95,3.9,3.5,2627-E0.csv,7
understat:31186,EPL,2026/27,2026-08-23,Brighton,Aston Villa,MATCHED,True,True,,2.05,3.5,3.5,2627-E0.csv,8
understat:31187,EPL,2026/27,2026-08-23,Manchester City,Bournemouth,MATCHED,True,True,,1.45,4.5,7.0,2627-E0.csv,9
understat:31188,EPL,2026/27,2026-08-23,Newcastle United,Liverpool,MATCHED,True,True,,3.9,3.9,1.85,2627-E0.csv,10
understat:31189,EPL,2026/27,2026-08-24,Fulham,Chelsea,MATCHED,True,True,,3.6,3.5,2.05,2627-E0.csv,11
understat:31190,EPL,2026/27,2026-08-28,Crystal Palace,Manchester City,MATCHED,True,True,,5.0,4.2,1.62,2627-E0.csv,12
understat:31191,EPL,2026/27,2026-08-29,Liverpool,Nottingham Forest,MATCHED,True,True,,1.48,4.5,6.0,2627-E0.csv,13
understat:31192,EPL,2026/27,2026-08-29,Coventry,Hull,MATCHED,True,True,,1.73,3.9,4.75,2627-E0.csv,15
understat:31193,EPL,2026/27,2026-08-29,Bournemouth,Everton,MATCHED,True,True,,2.2,3.5,3.25,2627-E0.csv,14
understat:31194,EPL,2026/27,2026-08-29,Tottenham,Newcastle United,MATCHED,True,True,,2.15,3.75,3.1,2627-E0.csv,16
understat:31195,EPL,2026/27,2026-08-30,Sunderland,Fulham,MATCHED,True,True,,2.2,3.3,3.4,2627-E0.csv,19
understat:31196,EPL,2026/27,2026-08-30,Chelsea,Brighton,MATCHED,True,True,,1.83,3.8,4.0,2627-E0.csv,17
understat:31197,EPL,2026/27,2026-08-30,Leeds,Brentford,MATCHED,True,True,,2.8,3.4,2.45,2627-E0.csv,18
understat:31198,EPL,2026/27,2026-08-30,Manchester United,Ipswich,MATCHED,True,True,,1.33,5.5,7.5,2627-E0.csv,20
understat:31199,EPL,2026/27,2026-08-31,Aston Villa,Arsenal,MATCHED,True,True,,6.5,4.33,1.48,2627-E0.csv,21
understat:31200,EPL,2026/27,2026-09-04,Ipswich,Liverpool,MATCHED,True,True,,4.75,4.33,1.62,2627-E0.csv,22
understat:31201,EPL,2026/27,2026-09-05,Newcastle United,Bournemouth,MATCHED,True,True,,2.15,3.5,3.25,2627-E0.csv,23
understat:31202,EPL,2026/27,2026-09-05,Manchester City,Coventry,MATCHED,True,True,,1.18,7.5,13.0,2627-E0.csv,27
understat:31203,EPL,2026/27,2026-09-05,Nottingham Forest,Tottenham,MATCHED,True,True,,2.7,3.3,2.63,2627-E0.csv,28
understat:31204,EPL,2026/27,2026-09-05,Fulham,Crystal Palace,MATCHED,True,True,,2.2,3.4,3.4,2627-E0.csv,26
understat:31205,EPL,2026/27,2026-09-05,Brentford,Sunderland,MATCHED,True,True,,1.7,3.8,4.75,2627-E0.csv,24
understat:31206,EPL,2026/27,2026-09-05,Brighton,Leeds,MATCHED,True,True,,1.91,3.7,3.75,2627-E0.csv,25
understat:31207,EPL,2026/27,2026-09-05,Hull,Aston Villa,MATCHED,True,True,,4.0,3.6,1.91,2627-E0.csv,29
understat:31208,EPL,2026/27,2026-09-06,Everton,Manchester United,MATCHED,True,True,,3.75,3.8,1.9,2627-E0.csv,30
understat:31209,EPL,2026/27,2026-09-06,Arsenal,Chelsea,MATCHED,True,True,,1.7,3.9,4.75,2627-E0.csv,31
understat:31210,EPL,2026/27,2026-09-12,Bournemouth,Brentford,MATCHED,True,True,,2.25,3.6,3.0,2627-E0.csv,33
understat:31211,EPL,2026/27,2026-09-12,Aston Villa,Nottingham Forest,MATCHED,True,True,,2.25,3.4,3.2,2627-E0.csv,32
understat:31212,EPL,2026/27,2026-09-12,Chelsea,Hull,MATCHED,True,True,,1.22,6.5,12.0,2627-E0.csv,34
understat:31213,EPL,2026/27,2026-09-12,Crystal Palace,Ipswich,MATCHED,True,True,,2.15,3.75,3.1,2627-E0.csv,35
understat:31214,EPL,2026/27,2026-09-12,Liverpool,Fulham,MATCHED,True,True,,1.5,4.5,5.25,2627-E0.csv,36
understat:31215,EPL,2026/27,2026-09-12,Tottenham,Everton,MATCHED,True,True,,2.0,3.6,3.5,2627-E0.csv,37
understat:31216,EPL,2026/27,2026-09-12,Sunderland,Arsenal,MATCHED,True,True,,6.0,3.6,1.6,2627-E0.csv,38
understat:31217,EPL,2026/27,2026-09-13,Coventry,Brighton,MATCHED,True,True,,3.7,3.8,1.91,2627-E0.csv,39
understat:31218,EPL,2026/27,2026-09-13,Manchester United,Manchester City,MATCHED,True,True,,3.0,3.75,2.2,2627-E0.csv,40
understat:31219,EPL,2026/27,2026-09-14,Leeds,Newcastle United,MATCHED,True,True,,2.3,3.5,3.0,2627-E0.csv,41
understat:31220,EPL,2026/27,2026-09-18,Brentford,Chelsea,MATCHED,True,True,,2.55,3.6,2.6,2627-E0.csv,42
understat:31221,EPL,2026/27,2026-09-19,Tottenham,Aston Villa,MATCHED,True,True,,1.85,3.75,3.9,2627-E0.csv,43
understat:31223,EPL,2026/27,2026-09-19,Newcastle United,Hull,MATCHED,True,True,,1.6,4.5,5.0,2627-E0.csv,46
understat:31224,EPL,2026/27,2026-09-19,Brighton,Arsenal,MATCHED,True,True,,5.0,3.8,1.7,2627-E0.csv,44
understat:31226,EPL,2026/27,2026-09-19,Everton,Ipswich,MATCHED,True,True,,1.7,3.9,4.5,2627-E0.csv,45
understat:31227,EPL,2026/27,2026-09-19,Nottingham Forest,Coventry,MATCHED,True,True,,1.62,3.9,5.25,2627-E0.csv,47
understat:31222,EPL,2026/27,2026-09-20,Manchester City,Sunderland,MATCHED,True,True,,1.36,5.0,7.5,2627-E0.csv,50
understat:31225,EPL,2026/27,2026-09-20,Leeds,Crystal Palace,MATCHED,True,True,,1.65,4.0,5.0,2627-E0.csv,49
understat:31228,EPL,2026/27,2026-09-20,Bournemouth,Liverpool,MATCHED,True,True,,3.1,3.6,2.2,2627-E0.csv,48
understat:31229,EPL,2026/27,2026-09-20,Fulham,Manchester United,MATCHED,True,True,,3.6,3.8,2.0,2627-E0.csv,51
understat:30770,La_liga,2026/27,2026-08-15,Alaves,Getafe,MATCHED,True,True,,2.35,2.7,3.8,2627-SP1.csv,2
understat:30771,La_liga,2026/27,2026-08-15,Sevilla,Rayo Vallecano,MATCHED,True,True,,2.4,2.9,3.4,2627-SP1.csv,3
understat:30772,La_liga,2026/27,2026-08-16,Racing Santander,Villarreal,MATCHED,True,True,,3.9,3.75,1.9,2627-SP1.csv,4
understat:30773,La_liga,2026/27,2026-08-16,Espanyol,Levante,MATCHED,True,True,,2.1,3.2,3.8,2627-SP1.csv,5
understat:30774,La_liga,2026/27,2026-08-17,Deportivo La Coruna,Elche,MATCHED,True,True,,2.15,3.2,3.6,2627-SP1.csv,6
understat:30775,La_liga,2026/27,2026-08-19,Atletico Madrid,Malaga,MATCHED,True,True,,1.45,4.6,7.0,2627-SP1.csv,7
understat:30776,La_liga,2026/27,2026-08-20,Rayo Vallecano,Alaves,MATCHED,True,True,,2.45,3.2,3.1,2627-SP1.csv,8
understat:30777,La_liga,2026/27,2026-08-21,Real Betis,Real Sociedad,MATCHED,True,True,,2.1,3.4,3.5,2627-SP1.csv,9
understat:30778,La_liga,2026/27,2026-08-22,Athletic Club,Sevilla,MATCHED,True,True,,1.75,3.6,5.0,2627-SP1.csv,10
understat:30779,La_liga,2026/27,2026-08-22,Valencia,Celta Vigo,MATCHED,True,True,,2.45,3.1,3.0,2627-SP1.csv,11
understat:30780,La_liga,2026/27,2026-08-22,Espanyol,Real Madrid,MATCHED,True,True,,7.5,5.0,1.4,2627-SP1.csv,12
understat:30781,La_liga,2026/27,2026-08-23,Atletico Madrid,Villarreal,MATCHED,True,True,,1.8,3.9,4.1,2627-SP1.csv,13
understat:30782,La_liga,2026/27,2026-08-23,Getafe,Racing Santander,MATCHED,True,True,,2.25,3.1,3.5,2627-SP1.csv,14
understat:30783,La_liga,2026/27,2026-08-23,Elche,Barcelona,MATCHED,True,True,,8.5,5.5,1.33,2627-SP1.csv,15
understat:30784,La_liga,2026/27,2026-08-24,Osasuna,Levante,MATCHED,True,True,,1.85,3.4,4.33,2627-SP1.csv,16
understat:30785,La_liga,2026/27,2026-08-24,Malaga,Deportivo La Coruna,MATCHED,True,True,,2.4,3.1,3.25,2627-SP1.csv,17
understat:30786,La_liga,2026/27,2026-08-25,Valencia,Real Betis,MATCHED,True,True,,2.55,3.3,2.8,2627-SP1.csv,18
understat:30787,La_liga,2026/27,2026-08-26,Real Madrid,Real Sociedad,MATCHED,True,True,,1.17,8.0,13.0,2627-SP1.csv,19
understat:30788,La_liga,2026/27,2026-08-27,Celta Vigo,Osasuna,MATCHED,True,True,,1.85,3.3,4.5,2627-SP1.csv,20
understat:30789,La_liga,2026/27,2026-08-27,Barcelona,Athletic Club,MATCHED,True,True,,1.22,6.5,12.0,2627-SP1.csv,21
understat:30790,La_liga,2026/27,2026-08-28,Racing Santander,Elche,MATCHED,True,True,,1.91,3.7,3.9,2627-SP1.csv,22
understat:30791,La_liga,2026/27,2026-08-28,Alaves,Villarreal,MATCHED,True,True,,3.1,3.5,2.25,2627-SP1.csv,23
understat:30792,La_liga,2026/27,2026-08-29,Levante,Real Betis,MATCHED,True,True,,3.2,3.3,2.3,2627-SP1.csv,24
understat:30793,La_liga,2026/27,2026-08-29,Real Sociedad,Espanyol,MATCHED,True,True,,1.9,3.7,4.0,2627-SP1.csv,25
understat:30794,La_liga,2026/27,2026-08-29,Sevilla,Atletico Madrid,MATCHED,True,True,,4.1,3.5,1.91,2627-SP1.csv,26
understat:30795,La_liga,2026/27,2026-08-30,Real Madrid,Malaga,MATCHED,True,True,,1.09,11.0,21.0,2627-SP1.csv,27
understat:30796,La_liga,2026/27,2026-08-30,Deportivo La Coruna,Valencia,MATCHED,True,True,,2.75,2.9,2.88,2627-SP1.csv,28
understat:30797,La_liga,2026/27,2026-08-30,Celta Vigo,Athletic Club,MATCHED,True,True,,2.88,3.0,2.7,2627-SP1.csv,29
understat:30798,La_liga,2026/27,2026-08-31,Osasuna,Getafe,MATCHED,True,True,,2.15,2.9,4.1,2627-SP1.csv,30
understat:30799,La_liga,2026/27,2026-08-31,Barcelona,Rayo Vallecano,MATCHED,True,True,,1.1,10.0,19.0,2627-SP1.csv,31
understat:30800,La_liga,2026/27,2026-09-03,Real Sociedad,Celta Vigo,MATCHED,True,True,,1.75,3.7,4.75,2627-SP1.csv,32
understat:30801,La_liga,2026/27,2026-09-04,Real Betis,Real Madrid,MATCHED,True,True,,6.25,5.0,1.44,2627-SP1.csv,33
understat:30802,La_liga,2026/27,2026-09-05,Athletic Club,Atletico Madrid,MATCHED,True,True,,2.7,3.25,2.63,2627-SP1.csv,34
understat:30803,La_liga,2026/27,2026-09-05,Rayo Vallecano,Racing Santander,MATCHED,True,True,,1.95,3.6,3.7,2627-SP1.csv,35
understat:30804,La_liga,2026/27,2026-09-05,Villarreal,Deportivo La Coruna,MATCHED,True,True,,1.44,4.75,7.0,2627-SP1.csv,36
understat:30805,La_liga,2026/27,2026-09-06,Valencia,Barcelona,MATCHED,True,True,,10.0,6.5,1.25,2627-SP1.csv,37
understat:30806,La_liga,2026/27,2026-09-06,Malaga,Levante,MATCHED,True,True,,2.35,3.3,3.0,2627-SP1.csv,39
understat:30807,La_liga,2026/27,2026-09-06,Alaves,Osasuna,MATCHED,True,True,,2.2,3.1,3.6,2627-SP1.csv,38
understat:30808,La_liga,2026/27,2026-09-06,Espanyol,Sevilla,MATCHED,True,True,,2.3,3.2,3.25,2627-SP1.csv,40
understat:30809,La_liga,2026/27,2026-09-07,Getafe,Celta Vigo,MATCHED,True,True,,2.75,2.75,3.0,2627-SP1.csv,41
understat:30810,La_liga,2026/27,2026-09-07,Elche,Real Sociedad,MATCHED,True,True,,3.0,3.4,2.3,2627-SP1.csv,42
understat:30818,La_liga,2026/27,2026-09-11,Sevilla,Valencia,MATCHED,True,True,,1.75,3.6,4.75,2627-SP1.csv,43
understat:30815,La_liga,2026/27,2026-09-12,Racing Santander,Alaves,MATCHED,True,True,,2.6,3.5,2.6,2627-SP1.csv,44
understat:30820,La_liga,2026/27,2026-09-12,Osasuna,Espanyol,MATCHED,True,True,,2.25,3.2,3.4,2627-SP1.csv,45
understat:30812,La_liga,2026/27,2026-09-12,Athletic Club,Elche,MATCHED,True,True,,1.4,4.75,7.5,2627-SP1.csv,46
understat:30816,La_liga,2026/27,2026-09-12,Real Madrid,Rayo Vallecano,MATCHED,True,True,,1.14,8.0,15.0,2627-SP1.csv,47
understat:30811,La_liga,2026/27,2026-09-13,Celta Vigo,Malaga,MATCHED,True,True,,1.67,3.75,5.5,2627-SP1.csv,48
understat:30814,La_liga,2026/27,2026-09-13,Levante,Barcelona,MATCHED,True,True,,13.0,8.5,1.17,2627-SP1.csv,49
understat:30813,La_liga,2026/27,2026-09-13,Getafe,Deportivo La Coruna,MATCHED,True,True,,2.55,3.1,3.0,2627-SP1.csv,50
understat:30817,La_liga,2026/27,2026-09-13,Real Sociedad,Atletico Madrid,MATCHED,True,True,,3.4,3.6,2.05,2627-SP1.csv,51
understat:30819,La_liga,2026/27,2026-09-14,Villarreal,Real Betis,MATCHED,True,True,,1.91,4.0,3.5,2627-SP1.csv,52
understat:30829,La_liga,2026/27,2026-09-15,Rayo Vallecano,Espanyol,MATCHED,True,True,,2.25,3.25,3.3,2627-SP1.csv,53
understat:30821,La_liga,2026/27,2026-09-15,Alaves,Valencia,MATCHED,True,True,,1.73,3.4,5.5,2627-SP1.csv,54
understat:30825,La_liga,2026/27,2026-09-15,Elche,Real Madrid,MATCHED,True,True,,12.0,7.5,1.2,2627-SP1.csv,55
understat:30822,La_liga,2026/27,2026-09-16,Atletico Madrid,Osasuna,MATCHED,True,True,,1.3,5.5,10.0,2627-SP1.csv,56
understat:30824,La_liga,2026/27,2026-09-16,Deportivo La Coruna,Sevilla,MATCHED,True,True,,2.75,3.1,2.75,2627-SP1.csv,57
understat:30826,La_liga,2026/27,2026-09-16,Barcelona,Racing Santander,MATCHED,True,True,,1.05,15.0,26.0,2627-SP1.csv,58
understat:30823,La_liga,2026/27,2026-09-17,Real Betis,Getafe,MATCHED,True,True,,1.53,4.0,6.5,2627-SP1.csv,59
understat:30828,La_liga,2026/27,2026-09-17,Malaga,Villarreal,MATCHED,True,True,,3.5,3.6,2.05,2627-SP1.csv,60
understat:30834,La_liga,2026/27,2026-09-18,Espanyol,Elche,MATCHED,True,True,,1.75,3.7,4.6,2627-SP1.csv,61
understat:30836,La_liga,2026/27,2026-09-19,Osasuna,Rayo Vallecano,MATCHED,True,True,,2.63,3.25,2.7,2627-SP1.csv,62
understat:30830,La_liga,2026/27,2026-09-19,Athletic Club,Alaves,MATCHED,True,True,,1.6,3.9,5.75,2627-SP1.csv,63
understat:30832,La_liga,2026/27,2026-09-19,Celta Vigo,Racing Santander,MATCHED,True,True,,1.8,3.7,4.33,2627-SP1.csv,64
understat:30837,La_liga,2026/27,2026-09-19,Sevilla,Barcelona,MATCHED,True,True,,8.0,6.5,1.29,2627-SP1.csv,65
understat:30835,La_liga,2026/27,2026-09-20,Getafe,Malaga,MATCHED,True,True,,1.9,3.3,4.33,2627-SP1.csv,66
understat:30831,La_liga,2026/27,2026-09-20,Atletico Madrid,Real Madrid,MATCHED,True,True,,3.5,3.8,2.0,2627-SP1.csv,67
understat:30833,La_liga,2026/27,2026-09-20,Deportivo La Coruna,Real Betis,MATCHED,True,True,,3.7,3.9,1.9,2627-SP1.csv,68
understat:30839,La_liga,2026/27,2026-09-20,Villarreal,Levante,MATCHED,True,True,,1.55,4.5,5.5,2627-SP1.csv,69
understat:30838,La_liga,2026/27,2026-09-20,Valencia,Real Sociedad,MATCHED,True,True,,3.0,3.4,2.38,2627-SP1.csv,70
